date,year,country,activity,sex,age,fatal,datetime_column,string_column,month,season
2024-10-11 00:00:00,2024,USA,surfing,M,16,no,2024-10-11 00:00:00,,10,Autumn
2024-07-23 00:00:00,2024,Australia,surfing,M,23,no,2024-07-23 00:00:00,,7,Summer
2024-07-18 00:00:00,2024,Australia,surfing,M,41,no,2024-07-18 00:00:00,,7,Summer
2024-07-08 00:00:00,2024,USA,diving,M,14,no,2024-07-08 00:00:00,,7,Summer
2024-07-05 00:00:00,2024,USA,wading,M,26,no,2024-07-05 00:00:00,,7,Summer
2024-07-04 00:00:00,2024,USA,swimming,F,45,no,2024-07-04 00:00:00,,7,Summer
2024-07-04 00:00:00,2024,USA,swimming,M,15,no,2024-07-04 00:00:00,,7,Summer
2024-06-07 00:00:00,2024,USA,swimming,F,45,no,2024-06-07 00:00:00,,6,Summer
2024-06-02 00:00:00,2024,USA,swimming,M,46,no,2024-06-02 00:00:00,,6,Summer
2024-05-28 00:00:00,2024,USA,wading,F,19,no,2024-05-28 00:00:00,,5,Spring
2024-05-23 00:00:00,2024,French Polynesia,diving,M,20,no,2024-05-23 00:00:00,,5,Spring
2024-05-02 00:00:00,2024,USA,fishing,M,65,no,2024-05-02 00:00:00,,5,Spring
2024-04-20 00:00:00,2024,Australia,fishing,M,16,no,2024-04-20 00:00:00,,4,Spring
2024-04-20 00:00:00,2024,Australia,surfing,M,26,no,2024-04-20 00:00:00,,4,Spring
15 Mar 2024,2024,Australia,swimming,F,13,unknown,2024-03-15 00:00:00,15 Mar 2024,3,Spring
04 Mar 2024,2024,USA,surfing,M,15,no,2024-03-04 00:00:00,04 Mar 2024,3,Spring
02 Mar-2024,2024,USA,swimming,F,11,no,2024-03-02 00:00:00,02 Mar-2024,3,Spring
29 Jan-2024,2024,Australia,swimming,F,29,no,2024-01-29 00:00:00,29 Jan-2024,1,Winter
15 Jan-2024,2024,Bahamas,swimming,M,10,no,2024-01-15 00:00:00,15 Jan-2024,1,Winter
09-Jan-2024,2024,Australia,surfing,M,64,no,2024-01-09 00:00:00,09-Jan-2024,1,Winter
05-Jan-2024,2024,South Africa,fishing,M,62,no,2024-01-05 00:00:00,05-Jan-2024,1,Winter
30 Dec-2023,2023,USA,surfing,M,39,yes,2023-12-30 00:00:00,30 Dec-2023,12,Winter
29 Dec-2023,2023,Mexico,diving,M,22,yes,2023-12-29 00:00:00,29 Dec-2023,12,Winter
28 Dec-2023,2023,Australia,surfing,M,15,yes,2023-12-28 00:00:00,28 Dec-2023,12,Winter
25 Dec-2023,2023,Australia,surfing,M,16,no,2023-12-25 00:00:00,25 Dec-2023,12,Winter
18 Dec-2023,2023,New Zealand,wading,F,21,no,2023-12-18 00:00:00,18 Dec-2023,12,Winter
14  Dec-2023,2023,Mexico,swimming,M,66,yes,2023-12-14 00:00:00,14  Dec-2023,12,Winter
14  Dec-2023,2023,Mexico,swimming,F,52,no,2023-12-14 00:00:00,14  Dec-2023,12,Winter
08 Dec-2023,2023,Australia,snorkeling,M,20,no,2023-12-08 00:00:00,08 Dec-2023,12,Winter
02 Dec-2023,2023,Mexico,swimming,F,26,yes,2023-12-02 00:00:00,02 Dec-2023,12,Winter
30 Nov-2023,2023,Australia,swimming,M,21,no,2023-11-30 00:00:00,30 Nov-2023,11,Autumn
21 Nov-2023,2023,Bahamas,diving,F,47,yes,2023-11-21 00:00:00,21 Nov-2023,11,Autumn
10 Nov-2023,2023,Australia,diving,F,32,no,2023-11-10 00:00:00,10 Nov-2023,11,Autumn
05 Nov-2023,2023,USA,swimming,M,66,no,2023-11-05 00:00:00,05 Nov-2023,11,Autumn
03 Nov-2023,2023,Australia,fishing,M,15,no,2023-11-03 00:00:00,03 Nov-2023,11,Autumn
02 Nov-2023,2023,New Zealand,diving,M,15,no,2023-11-02 00:00:00,02 Nov-2023,11,Autumn
Reported 02 Nov-2023,2023,Egypt,diving,M,66,no,2023-11-01 00:00:00,Reported 02 Nov-2023,11,Autumn
31 Oct-2023,2023,Australia,surfing,M,55,yes,2023-10-31 00:00:00,31 Oct-2023,10,Autumn
25 Oct 2023,2023,USA,surfing,M,30,no,2023-10-25 00:00:00,25 Oct 2023,10,Autumn
23 Oct-2023,2023,Mexico,fishing,M,59,no,2023-10-23 00:00:00,23 Oct-2023,10,Autumn
21 Oct-2023,2023,Australia,fishing,M,15,no,2023-10-21 00:00:00,21 Oct-2023,10,Autumn
15 Oct 2023,2023,USA,surfing,M,50,no,2023-10-15 00:00:00,15 Oct 2023,10,Autumn
13 Oct-2023,2023,USA,surfing,M,52,no,2023-10-13 00:00:00,13 Oct-2023,10,Autumn
02 Oct-2023,2023,USA,surfing,F,45,no,2023-10-02 00:00:00,02 Oct-2023,10,Autumn
01 Oct-2023,2023,Australia,swimming,F,64,no,2023-10-01 00:00:00,01 Oct-2023,10,Autumn
01 Oct-2023,2023,USA,swimming,M,52,yes,2023-10-01 00:00:00,01 Oct-2023,10,Autumn
18 Sep-2023,2023,USA,swimming,M,15,no,2023-09-18 00:00:00,18 Sep-2023,9,Autumn
13 Sep-2023,2023,Egypt,swimming,F,34,no,2023-09-13 00:00:00,13 Sep-2023,9,Autumn
12 Sep-2023,2023,USA,surfing,M,38,no,2023-09-12 00:00:00,12 Sep-2023,9,Autumn
11 Sep-2023,2023,USA,surfing,M,15,no,2023-09-11 00:00:00,11 Sep-2023,9,Autumn
04 Sep 2023,2023,USA,surfing,M,30,no,2023-09-04 00:00:00,04 Sep 2023,9,Autumn
04 Sep 2023,2023,USA,wading,F,37,no,2023-09-04 00:00:00,04 Sep 2023,9,Autumn
25 Aug 2023,2023,Australia,surfing,M,44,unknown,2023-08-25 00:00:00,25 Aug 2023,8,Summer
23 Aug-2023,2023,USA,wading,M,9,no,2023-08-23 00:00:00,23 Aug-2023,8,Summer
22 Aug-2023,2023,USA,fishing,M,19,no,2023-08-22 00:00:00,22 Aug-2023,8,Summer
07 Aug-2023,2023,USA,wading,F,65,no,2023-08-07 00:00:00,07 Aug-2023,8,Summer
31 Jul-2023,2023,USA,surfing,M,22,no,2023-07-31 00:00:00,31 Jul-2023,7,Summer
30 Jul-2023,2023,USA,fishing,M,22,no,2023-07-30 00:00:00,30 Jul-2023,7,Summer
29 Jul-2023,2023,USA,swimming,F,26,no,2023-07-29 00:00:00,29 Jul-2023,7,Summer
24 Jul-2023,2023,Australia,surfing,M,20,no,2023-07-24 00:00:00,24 Jul-2023,7,Summer
22 Jul-2023,2023,Australia,snorkeling,M,77,no,2023-07-22 00:00:00,22 Jul-2023,7,Summer
21 Jul-2023,2023,USA,boogie boarding,M,60,no,2023-07-21 00:00:00,21 Jul-2023,7,Summer
14 Jul-2023,2023,USA,surfing,M,21,no,2023-07-14 00:00:00,14 Jul-2023,7,Summer
04 Jul-2023,2023,USA,standing,F,15,no,2023-07-04 00:00:00,04 Jul-2023,7,Summer
04 Jul-2023,2023,USA,swimming,M,49,no,2023-07-04 00:00:00,04 Jul-2023,7,Summer
04 Jul-2023,2023,USA,swimming,M,47,no,2023-07-04 00:00:00,04 Jul-2023,7,Summer
03 Jul-2023,2023,USA,surfing,M,15,no,2023-07-03 00:00:00,03 Jul-2023,7,Summer
03 Jul-2023,2023,USA,swimming,F,15,no,2023-07-03 00:00:00,03 Jul-2023,7,Summer
23-Jun-2023,2023,USA,swimming,F,2,no,2023-06-23 00:00:00,23-Jun-2023,6,Summer
23-Jun-2023,2023,USA,fishing,M,15,no,2023-06-23 00:00:00,23-Jun-2023,6,Summer
08-Jun 2023,2023,Egypt,swimming,M,24,yes,2023-06-08 00:00:00,08-Jun 2023,6,Summer
07-Jun-2023,2023,Bahamas,diving,F,73,unknown,2023-06-07 00:00:00,07-Jun-2023,6,Summer
28-May 2023,2023,French Polynesia,surfing,F,25,no,2023-05-28 00:00:00,28-May 2023,5,Spring
28-May 2023,2023,New Caledonia,fishing,M,42,yes,2023-05-28 00:00:00,28-May 2023,5,Spring
21-May 2023,2023,USA,surfing,F,15,no,2023-05-21 00:00:00,21-May 2023,5,Spring
19 -May 2023,2023,USA,fishing,M,35,no,2023-05-19 00:00:00,19 -May 2023,5,Spring
18-May-2023,2023,USA,fishing,M,20,no,2023-05-18 00:00:00,18-May-2023,5,Spring
14-May-2023,2023,USA,swimming,F,24,no,2023-05-14 00:00:00,14-May-2023,5,Spring
13-May-2023,2023,Australia,surfing,M,46,yes,2023-05-13 00:00:00,13-May-2023,5,Spring
11-May-2023,2023,USA,fishing,M,15,no,2023-05-11 00:00:00,11-May-2023,5,Spring
05-May-2023,2023,USA,fishing,M,22,no,2023-05-05 00:00:00,05-May-2023,5,Spring
03-May-2023,2023,South Africa,surfing,M,50,no,2023-05-03 00:00:00,03-May-2023,5,Spring
01-May-2023,2023,South Africa,diving,M,39,no,2023-05-01 00:00:00,01-May-2023,5,Spring
29-Apr-2023,2023,Australia,swimming,M,15,no,2023-04-29 00:00:00,29-Apr-2023,4,Spring
29-Apr-2023,2023,Australia,snorkeling,M,11,no,2023-04-29 00:00:00,29-Apr-2023,4,Spring
23-Apr-2023,2023,USA,fishing,M,15,no,2023-04-23 00:00:00,23-Apr-2023,4,Spring
22-Apr-2023,2023,Australia,surfing,M,30,no,2023-04-22 00:00:00,22-Apr-2023,4,Spring
11-Apr-2023,2023,USA,surfing,F,50,no,2023-04-11 00:00:00,11-Apr-2023,4,Spring
09-Apr-2023,2023,USA,fishing,M,15,no,2023-04-09 00:00:00,09-Apr-2023,4,Spring
09-Apr-2023,2023,USA,surfing,M,58,no,2023-04-09 00:00:00,09-Apr-2023,4,Spring
25-Mar-2023,2023,USA,surfing,M,67,no,2023-03-25 00:00:00,25-Mar-2023,3,Spring
22-Mar-2023,2023,Australia,wading,M,30,no,2023-03-22 00:00:00,22-Mar-2023,3,Spring
19-Mar-2023,2023,USA,swimming,M,60,no,2023-03-19 00:00:00,19-Mar-2023,3,Spring
17-Mar-2023,2023,Mexico,swimming,M,10,no,2023-03-17 00:00:00,17-Mar-2023,3,Spring
06-Mar-2023,2023,Brazil,swimming,F,15,no,2023-03-06 00:00:00,06-Mar-2023,3,Spring
05-Mar-2023,2023,Brazil,swimming,M,14,no,2023-03-05 00:00:00,05-Mar-2023,3,Spring
21-Feb-2023,2023,Brazil,surfing,M,32,no,2023-02-21 00:00:00,21-Feb-2023,2,Winter
19-Feb-2023,2023,New Caledonia,swimming,M,59,unknown,2023-02-19 00:00:00,19-Feb-2023,2,Winter
19-Feb-2023,2023,USA,surfing,M,60,no,2023-02-19 00:00:00,19-Feb-2023,2,Winter
04-Feb-2023,2023,Australia,swimming,F,16,yes,2023-02-04 00:00:00,04-Feb-2023,2,Winter
30-Jan-2023,2023,Australia,fishing,M,8,no,2023-01-30 00:00:00,30-Jan-2023,1,Winter
05-Jan-2023,2023,Mexico,diving,M,53,yes,2023-01-05 00:00:00,05-Jan-2023,1,Winter
30-Dec-2022,2022,South Africa,diving,M,26,no,2022-12-30 00:00:00,30-Dec-2022,12,Winter
13-Dec-2022,2022,USA,swimming,M,68,no,2022-12-13 00:00:00,13-Dec-2022,12,Winter
11 Dec-2022,2022,Australia,swimming,M,15,no,2022-12-11 00:00:00,11 Dec-2022,12,Winter
09-Dec-2022,2022,USA,diving,M,43,no,2022-12-09 00:00:00,09-Dec-2022,12,Winter
08-Dec-2022,2022,USA,snorkeling,F,60,yes,2022-12-08 00:00:00,08-Dec-2022,12,Winter
07-Dec-2022,2022,USA,surfing,M,15,no,2022-12-07 00:00:00,07-Dec-2022,12,Winter
27-Nov-2022,2022,USA,swimming,F,10,no,2022-11-27 00:00:00,27-Nov-2022,11,Autumn
04-Nov-2022,2022,USA,swimming,F,50,no,2022-11-04 00:00:00,04-Nov-2022,11,Autumn
03-Nov-2022,2022,USA,fishing,M,29,no,2022-11-03 00:00:00,03-Nov-2022,11,Autumn
31-Oct-2022,2022,USA,surfing,M,15,no,2022-10-31 00:00:00,31-Oct-2022,10,Autumn
28-Oct-2022,2022,USA,fishing,M,40,no,2022-10-28 00:00:00,28-Oct-2022,10,Autumn
28-Oct-2022,2022,Bahamas,diving,M,15,no,2022-10-28 00:00:00,28-Oct-2022,10,Autumn
27-Oct-2022,2022,USA,fishing,M,15,no,2022-10-27 00:00:00,27-Oct-2022,10,Autumn
25 Oct-2022,2022,USA,snorkeling,M,51,no,2022-10-25 00:00:00,25 Oct-2022,10,Autumn
10-Oct-2022,2022,USA,fishing,M,15,no,2022-10-10 00:00:00,10-Oct-2022,10,Autumn
07-Oct-2022,2022,Australia,fishing,M,38,no,2022-10-07 00:00:00,07-Oct-2022,10,Autumn
06-Oct-2022,2022,Australia,surfing,M,17,no,2022-10-06 00:00:00,06-Oct-2022,10,Autumn
02-Oct-2022,2022,USA,surfing,M,31,no,2022-10-02 00:00:00,02-Oct-2022,10,Autumn
25-Sep-2022,2022,South Africa,swimming,F,39,yes,2022-09-25 00:00:00,25-Sep-2022,9,Autumn
22-Sep-2022,2022,USA,fishing,M,26,no,2022-09-22 00:00:00,22-Sep-2022,9,Autumn
06-Sep-2022,2022,Bahamas,snorkeling,F,58,yes,2022-09-06 00:00:00,06-Sep-2022,9,Autumn
03-Sep-2022,2022,USA,swimming,F,51,no,2022-09-03 00:00:00,03-Sep-2022,9,Autumn
31-Aug-2022,2022,Australia,surfing,M,14,no,2022-08-31 00:00:00,31-Aug-2022,8,Summer
17-Aug-2022,2022,Australia,kayaking,M,15,no,2022-08-17 00:00:00,17-Aug-2022,8,Summer
15-Aug-2022,2022,USA,swimming,F,15,no,2022-08-15 00:00:00,15-Aug-2022,8,Summer
15-Aug-2022,2022,USA,standing,F,15,no,2022-08-15 00:00:00,15-Aug-2022,8,Summer
15-Aug-2022,2022,Australia,fishing,M,17,no,2022-08-15 00:00:00,15-Aug-2022,8,Summer
13-Aug-2022,2022,USA,snorkeling,M,10,no,2022-08-13 00:00:00,13-Aug-2022,8,Summer
25-Jul-2022,2022,USA,wading,M,33,no,2022-07-25 00:00:00,25-Jul-2022,7,Summer
20-Jul-2022,2022,USA,surfing,M,16,no,2022-07-20 00:00:00,20-Jul-2022,7,Summer
19-Jul-2022,2022,USA,surfing,F,15,no,2022-07-19 00:00:00,19-Jul-2022,7,Summer
17-Jul-2022,2022,USA,fishing,M,15,no,2022-07-17 00:00:00,17-Jul-2022,7,Summer
13-Jul-2022,2022,USA,surfing,M,41,no,2022-07-13 00:00:00,13-Jul-2022,7,Summer
10-Jul-2022,2022,USA,surfing,M,30,no,2022-07-10 00:00:00,10-Jul-2022,7,Summer
03-Jul-2022,2022,USA,surfing,M,28,no,2022-07-03 00:00:00,03-Jul-2022,7,Summer
01-Jul-2022,2022,Egypt,snorkeling,F,40,yes,2022-07-01 00:00:00,01-Jul-2022,7,Summer
01-Jul-2022,2022,Egypt,swimming,F,68,yes,2022-07-01 00:00:00,01-Jul-2022,7,Summer
30-Jun-2022,2022,USA,swimming,M,15,no,2022-06-30 00:00:00,30-Jun-2022,6,Summer
29-Jun-2022,2022,USA,swimming,F,35,no,2022-06-29 00:00:00,29-Jun-2022,6,Summer
28-Jun-2022,2022,South Africa,swimming,M,15,yes,2022-06-28 00:00:00,28-Jun-2022,6,Summer
22-Jun-2022,2022,USA,swimming,M,62,no,2022-06-22 00:00:00,22-Jun-2022,6,Summer
01-Jun-2022,2022,Australia,swimming,F,15,no,2022-06-01 00:00:00,01-Jun-2022,6,Summer
27-May-2022,2022,Australia,surfing,M,15,no,2022-05-27 00:00:00,27-May-2022,5,Spring
20-May-2022,2022,Australia,diving,M,20,no,2022-05-20 00:00:00,20-May-2022,5,Spring
03-May-2022,2022,USA,fishing,M,15,no,2022-05-03 00:00:00,03-May-2022,5,Spring
12-Apr-2022,2022,USA,swimming,M,17,no,2022-04-12 00:00:00,12-Apr-2022,4,Spring
11-Apr-2022,2022,USA,standing,M,15,no,2022-04-11 00:00:00,11-Apr-2022,4,Spring
07-Apr-2022,2022,USA,kayaking,M,15,no,2022-04-07 00:00:00,07-Apr-2022,4,Spring
31-Mar-2022,2022,USA,fishing,M,50,no,2022-03-31 00:00:00,31-Mar-2022,3,Spring
15-Mar-2022,2022,New Zealand,surfing,M,15,no,2022-03-15 00:00:00,15-Mar-2022,3,Spring
15-Mar-2022,2022,Australia,surfing,M,32,no,2022-03-15 00:00:00,15-Mar-2022,3,Spring
15-Mar-2022,2022,Australia,swimming,M,15,no,2022-03-15 00:00:00,15-Mar-2022,3,Spring
13-Mar-2022,2022,USA,surfing,M,20,no,2022-03-13 00:00:00,13-Mar-2022,3,Spring
09-Mar-2022,2022,USA,fishing,M,21,no,2022-03-09 00:00:00,09-Mar-2022,3,Spring
08-Mar-2022,2022,Australia,surfing,M,15,no,2022-03-08 00:00:00,08-Mar-2022,3,Spring
26-Feb-2022,2022,USA,boogie boarding,M,42,yes,2022-02-26 00:00:00,26-Feb-2022,2,Winter
21-Feb-2022,2022,Bahamas,diving,M,51,no,2022-02-21 00:00:00,21-Feb-2022,2,Winter
16-Feb-2022,2022,Australia,swimming,M,36,yes,2022-02-16 00:00:00,16-Feb-2022,2,Winter
12-Feb-2022,2022,Mexico,diving,M,56,yes,2022-02-12 00:00:00,12-Feb-2022,2,Winter
11-Feb-2022,2022,USA,surfing,M,18,no,2022-02-11 00:00:00,11-Feb-2022,2,Winter
24-Jan-2022,2022,Australia,swimming,M,15,no,2022-01-24 00:00:00,24-Jan-2022,1,Winter
22-Jan-2022,2022,Australia,snorkeling,M,15,no,2022-01-22 00:00:00,22-Jan-2022,1,Winter
09-Jan-2022,2022,South Africa,fishing,M,15,no,2022-01-09 00:00:00,09-Jan-2022,1,Winter
09-Jan-2022,2022,New Zealand,swimming,F,13,no,2022-01-09 00:00:00,09-Jan-2022,1,Winter
06-Jan-2022,2022,USA,surfing,F,42,no,2022-01-06 00:00:00,06-Jan-2022,1,Winter
01-Jan-2022,2022,Australia,surfing,M,40,no,2022-01-01 00:00:00,01-Jan-2022,1,Winter
25-Dec-2021,2021,New Zealand,swimming,F,9,no,2021-12-25 00:00:00,25-Dec-2021,12,Winter
22-Dec-2021,2021,USA,surfing,F,42,no,2021-12-22 00:00:00,22-Dec-2021,12,Winter
11-Dec-2021`,2021,Australia,fishing,M,24,no,2021-12-11 00:00:00,11-Dec-2021`,12,Winter
Reported 06-Dec-2021,2021,Mexico,diving,M,14,no,2021-12-06 00:00:00,Reported 06-Dec-2021,12,Winter
06-Dec-2021,2021,Australia,swimming,F,15,no,2021-12-06 00:00:00,06-Dec-2021,12,Winter
06-Dec-2021,2021,Australia,swimming,M,15,no,2021-12-06 00:00:00,06-Dec-2021,12,Winter
04-Dec-2021,2021,USA,surfing,M,15,no,2021-12-04 00:00:00,04-Dec-2021,12,Winter
07-Nov-2021,2021,USA,fishing,F,27,no,2021-11-07 00:00:00,07-Nov-2021,11,Autumn
06-Nov-2021,2021,Australia,swimming,M,57,yes,2021-11-06 00:00:00,06-Nov-2021,11,Autumn
03-Nov-2021,2021,Brazil,swimming,M,15,no,2021-11-03 00:00:00,03-Nov-2021,11,Autumn
02-Nov-2021,2021,New Zealand,surfing,M,26,no,2021-11-02 00:00:00,02-Nov-2021,11,Autumn
16-Oct-2021,2021,Australia,fishing,M,26,unknown,2021-10-16 00:00:00,16-Oct-2021,10,Autumn
15-Oct-2021,2021,Australia,swimming,M,34,no,2021-10-15 00:00:00,15-Oct-2021,10,Autumn
04-Oct-2021,2021,USA,surfing,M,25,no,2021-10-04 00:00:00,04-Oct-2021,10,Autumn
03-Oct-2021,2021,USA,swimming,M,15,no,2021-10-03 00:00:00,03-Oct-2021,10,Autumn
03-Oct-2021,2021,USA,surfing,M,38,no,2021-10-03 00:00:00,03-Oct-2021,10,Autumn
10-Sep-2021,2021,Egypt,swimming,M,15,unknown,2021-09-10 00:00:00,10-Sep-2021,9,Autumn
09-Sep-2021,2021,USA,surfing,M,6,no,2021-09-09 00:00:00,09-Sep-2021,9,Autumn
05-Sep-2021,2021,Australia,surfing,M,31,yes,2021-09-05 00:00:00,05-Sep-2021,9,Autumn
03-Sep-2021,2021,USA,fishing,M,64,no,2021-09-03 00:00:00,03-Sep-2021,9,Autumn
28-Aug-2021,2021,USA,boogie boarding,M,15,no,2021-08-28 00:00:00,28-Aug-2021,8,Summer
21-Aug-2021,2021,USA,surfing,M,41,no,2021-08-21 00:00:00,21-Aug-2021,8,Summer
07-Aug-2021,2021,USA,surfing,M,35,no,2021-08-07 00:00:00,07-Aug-2021,8,Summer
07-Aug-2021,2021,USA,snorkeling,M,15,no,2021-08-07 00:00:00,07-Aug-2021,8,Summer
02-Aug-2021,2021,USA,swimming,F,12,no,2021-08-02 00:00:00,02-Aug-2021,8,Summer
30-Jul-2021,2021,USA,fishing,M,47,no,2021-07-30 00:00:00,30-Jul-2021,7,Summer
27-Jul-2021,2021,USA,standing,M,15,no,2021-07-27 00:00:00,27-Jul-2021,7,Summer
27-Jul-2021,2021,USA,surfing,M,58,no,2021-07-27 00:00:00,27-Jul-2021,7,Summer
27-Jul-2021,2021,Australia,fishing,M,34,no,2021-07-27 00:00:00,27-Jul-2021,7,Summer
26-Jul-2021,2021,USA,swimming,M,15,no,2021-07-26 00:00:00,26-Jul-2021,7,Summer
21-Jul-2021,2021,USA,surfing,F,15,no,2021-07-21 00:00:00,21-Jul-2021,7,Summer
19-Jul-2021,2021,Australia,surfing,M,15,no,2021-07-19 00:00:00,19-Jul-2021,7,Summer
15-Jul-2021,2021,USA,boogie boarding,M,11,no,2021-07-15 00:00:00,15-Jul-2021,7,Summer
14-Jul-2021,2021,South Africa,surfing,M,38,no,2021-07-14 00:00:00,14-Jul-2021,7,Summer
10-Jul-2021,2021,USA,fishing,M,36,yes,2021-07-10 00:00:00,10-Jul-2021,7,Summer
10-Jul-2021,2021,Brazil,wading,M,51,yes,2021-07-10 00:00:00,10-Jul-2021,7,Summer
05-Jul-2021,2021,Australia,surfing,M,25,no,2021-07-05 00:00:00,05-Jul-2021,7,Summer
04-Jul-2021,2021,USA,standing,M,8,no,2021-07-04 00:00:00,04-Jul-2021,7,Summer
04-Jul-2021,2021,USA,fishing,F,19,no,2021-07-04 00:00:00,04-Jul-2021,7,Summer
28-Jun-2021,2021,USA,surfing,F,15,unknown,2021-06-28 00:00:00,28-Jun-2021,6,Summer
27-Jun-2021,2021,USA,swimming,F,7,no,2021-06-27 00:00:00,27-Jun-2021,6,Summer
26-Jun-2021,2021,USA,swimming,M,38,no,2021-06-26 00:00:00,26-Jun-2021,6,Summer
23-Jun-2021,2021,Australia,surfing,M,25,no,2021-06-23 00:00:00,23-Jun-2021,6,Summer
18-Jun-2021,2021,USA,standing,M,12,no,2021-06-18 00:00:00,18-Jun-2021,6,Summer
17-Jun-2021,2021,USA,swimming,M,14,no,2021-06-17 00:00:00,17-Jun-2021,6,Summer
14-Jun-2021,2021,USA,standing,M,12,no,2021-06-14 00:00:00,14-Jun-2021,6,Summer
14-Jun-2021,2021,USA,standing,M,71,no,2021-06-14 00:00:00,14-Jun-2021,6,Summer
11-Jun-2021,2021,Australia,snorkeling,M,10,no,2021-06-11 00:00:00,11-Jun-2021,6,Summer
25-May-2021,2021,New Caledonia,fishing,M,15,yes,2021-05-25 00:00:00,25-May-2021,5,Spring
23-May-2021,2021,USA,swimming,M,26,no,2021-05-23 00:00:00,23-May-2021,5,Spring
21-May-2021,2021,Australia,fishing,M,48,no,2021-05-21 00:00:00,21-May-2021,5,Spring
18-May-2021,2021,Australia,surfing,M,59,yes,2021-05-18 00:00:00,18-May-2021,5,Spring
06-May-2021,2021,USA,wading,F,21,no,2021-05-06 00:00:00,06-May-2021,5,Spring
03-May-2021,2021,USA,surfing,M,14,no,2021-05-03 00:00:00,03-May-2021,5,Spring
30-Apr-2021,2021,USA,surfing,F,64,no,2021-04-30 00:00:00,30-Apr-2021,4,Spring
20-Apr-2021,2021,USA,swimming,F,57,no,2021-04-20 00:00:00,20-Apr-2021,4,Spring
14-Apr-2021,2021,South Africa,fishing,M,38,no,2021-04-14 00:00:00,14-Apr-2021,4,Spring
13-Apr-2021,2021,South Africa,body boarding,M,38,yes,2021-04-13 00:00:00,13-Apr-2021,4,Spring
02-Apr-2021,2021,USA,swimming,M,36,no,2021-04-02 00:00:00,02-Apr-2021,4,Spring
27-Mar-2021,2021,Australia,fishing,M,27,no,2021-03-27 00:00:00,27-Mar-2021,3,Spring
26-Mar-2021,2021,French Polynesia,swimming,M,10,no,2021-03-26 00:00:00,26-Mar-2021,3,Spring
25-Mar-2021,2021,USA,swimming,M,7,no,2021-03-25 00:00:00,25-Mar-2021,3,Spring
21-Mar-2021,2021,USA,surfing,M,9,no,2021-03-21 00:00:00,21-Mar-2021,3,Spring
18-Mar-2021,2021,USA,wading,M,20,no,2021-03-18 00:00:00,18-Mar-2021,3,Spring
02-Mar-2021,2021,New Caledonia,fishing,M,16,no,2021-03-02 00:00:00,02-Mar-2021,3,Spring
28-Feb-2021,2021,New Caledonia,swimming,M,57,yes,2021-02-28 00:00:00,28-Feb-2021,2,Winter
20-Feb-2021,2021,Australia,fishing,M,15,no,2021-02-20 00:00:00,20-Feb-2021,2,Winter
06-Feb-2021,2021,USA,surfing,M,15,no,2021-02-06 00:00:00,06-Feb-2021,2,Winter
02-Feb-2021,2021,USA,kayaking,M,45,no,2021-02-02 00:00:00,02-Feb-2021,2,Winter
29-Jan-2021,2021,Australia,swimming,F,46,no,2021-01-29 00:00:00,29-Jan-2021,1,Winter
27-Jan-2021,2021,New Zealand,swimming,M,61,no,2021-01-27 00:00:00,27-Jan-2021,1,Winter
23-Jan-2021,2021,Australia,swimming,M,58,no,2021-01-23 00:00:00,23-Jan-2021,1,Winter
22-Jan-2021,2021,USA,fishing,F,15,no,2021-01-22 00:00:00,22-Jan-2021,1,Winter
22-Jan-2021,2021,USA,snorkeling,M,73,no,2021-01-22 00:00:00,22-Jan-2021,1,Winter
21-Jan-2021,2021,Australia,snorkeling,M,32,yes,2021-01-21 00:00:00,21-Jan-2021,1,Winter
13-Jan-2021,2021,Brazil,surfing,M,52,no,2021-01-13 00:00:00,13-Jan-2021,1,Winter
13-Jan-2021,2021,Australia,swimming,M,54,no,2021-01-13 00:00:00,13-Jan-2021,1,Winter
11-Jan-2021,2021,Australia,swimming,M,7,no,2021-01-11 00:00:00,11-Jan-2021,1,Winter
07-Jan-2021,2021,New Zealand,swimming,F,19,yes,2021-01-07 00:00:00,07-Jan-2021,1,Winter
03-Jan-2021,2021,USA,surfing,M,19,no,2021-01-03 00:00:00,03-Jan-2021,1,Winter
02-Jan-2021,2021,USA,surfing,M,17,no,2021-01-02 00:00:00,02-Jan-2021,1,Winter
02-Jan-2021,2021,USA,swimming,F,68,no,2021-01-02 00:00:00,02-Jan-2021,1,Winter
30-Dec-2020,2020,USA,swimming,M,15,no,2020-12-30 00:00:00,30-Dec-2020,12,Winter
09-Dec-2020,2020,Australia,surfing,M,15,no,2020-12-09 00:00:00,09-Dec-2020,12,Winter
08-Dec-2020,2020,USA,surfing,M,56,yes,2020-12-08 00:00:00,08-Dec-2020,12,Winter
06-Dec-2020,2020,USA,surfing,M,20,no,2020-12-06 00:00:00,06-Dec-2020,12,Winter
06-Dec-2020,2020,Australia,surfing,M,29,no,2020-12-06 00:00:00,06-Dec-2020,12,Winter
02-Dec-2020,2020,Egypt,diving,F,42,no,2020-12-02 00:00:00,02-Dec-2020,12,Winter
26-Nov-2020,2020,USA,snorkeling,F,35,no,2020-11-26 00:00:00,26-Nov-2020,11,Autumn
23-Nov-2020,2020,New Caledonia,snorkeling,F,15,no,2020-11-23 00:00:00,23-Nov-2020,11,Autumn
22-Nov-2020,2020,Australia,body boarding,M,59,yes,2020-11-22 00:00:00,22-Nov-2020,11,Autumn
02-Nov-2020,2020,Australia,surfing,M,13,no,2020-11-02 00:00:00,02-Nov-2020,11,Autumn
31-Oct-2020,2020,USA,swimming,M,17,no,2020-10-31 00:00:00,31-Oct-2020,10,Autumn
30-Oct-2020,2020,Bahamas,fishing,M,15,no,2020-10-30 00:00:00,30-Oct-2020,10,Autumn
29-Oct-2020,2020,USA,surfing,M,15,no,2020-10-29 00:00:00,29-Oct-2020,10,Autumn
25-Oct-2020,2020,Egypt,snorkeling,M,15,no,2020-10-25 00:00:00,25-Oct-2020,10,Autumn
24-Oct-2020,2020,Australia,fishing,M,59,no,2020-10-24 00:00:00,24-Oct-2020,10,Autumn
21-Oct-2020,2020,USA,surfing,M,15,no,2020-10-21 00:00:00,21-Oct-2020,10,Autumn
09-Oct-2020,2020,Australia,surfing,M,52,yes,2020-10-09 00:00:00,09-Oct-2020,10,Autumn
07-Oct-2020,2020,USA,surfing,M,31,no,2020-10-07 00:00:00,07-Oct-2020,10,Autumn
04-Oct-2020,2020,Australia,surfing,M,17,no,2020-10-04 00:00:00,04-Oct-2020,10,Autumn
21-Sep-2020,2020,USA,swimming,F,61,no,2020-09-21 00:00:00,21-Sep-2020,9,Autumn
20-Sep-2020,2020,USA,snorkeling,M,30,no,2020-09-20 00:00:00,20-Sep-2020,9,Autumn
17-Sep-2020,2020,Australia,fishing,M,50,no,2020-09-17 00:00:00,17-Sep-2020,9,Autumn
16-Sep-2020,2020,USA,swimming,M,48,no,2020-09-16 00:00:00,16-Sep-2020,9,Autumn
15-Sep-2020,2020,USA,surfing,M,15,no,2020-09-15 00:00:00,15-Sep-2020,9,Autumn
15-Sep-2020,2020,USA,surfing,M,25,no,2020-09-15 00:00:00,15-Sep-2020,9,Autumn
08-Sep-2020,2020,USA,fishing,M,54,no,2020-09-08 00:00:00,08-Sep-2020,9,Autumn
07-Sep-2020,2020,Australia,surfing,M,46,yes,2020-09-07 00:00:00,07-Sep-2020,9,Autumn
06-Sep-2020,2020,USA,snorkeling,F,70,no,2020-09-06 00:00:00,06-Sep-2020,9,Autumn
30-Aug-2020,2020,Australia,fishing,M,15,no,2020-08-30 00:00:00,30-Aug-2020,8,Summer
30-Aug-2020,2020,USA,surfing,M,12,no,2020-08-30 00:00:00,30-Aug-2020,8,Summer
28-Aug-2020,2020,USA,fishing,M,15,no,2020-08-28 00:00:00,28-Aug-2020,8,Summer
23-Aug-2020,2020,USA,standing,M,23,no,2020-08-23 00:00:00,23-Aug-2020,8,Summer
22-Aug-2020,2020,USA,surfing,M,14,no,2020-08-22 00:00:00,22-Aug-2020,8,Summer
20-Aug-2020,2020,USA,boogie boarding,F,50,no,2020-08-20 00:00:00,20-Aug-2020,8,Summer
19-Aug-2020,2020,USA,wading,F,15,no,2020-08-19 00:00:00,19-Aug-2020,8,Summer
14-Aug-2020,2020,Australia,surfing,F,35,no,2020-08-14 00:00:00,14-Aug-2020,8,Summer
10-Aug-2020,2020,USA,fishing,M,55,no,2020-08-10 00:00:00,10-Aug-2020,8,Summer
02-Aug-2020,2020,USA,snorkeling,F,15,no,2020-08-02 00:00:00,02-Aug-2020,8,Summer
01-Aug-2020,2020,USA,surfing,M,54,no,2020-08-01 00:00:00,01-Aug-2020,8,Summer
31-Jul-2020,2020,USA,surfing,F,22,no,2020-07-31 00:00:00,31-Jul-2020,7,Summer
31-Jul-2020,2020,USA,swimming,M,14,no,2020-07-31 00:00:00,31-Jul-2020,7,Summer
31-Jul-2020,2020,Australia,surfing,M,28,no,2020-07-31 00:00:00,31-Jul-2020,7,Summer
29-Jul-2020,2020,USA,diving,M,38,no,2020-07-29 00:00:00,29-Jul-2020,7,Summer
27-Jul-2020,2020,French Polynesia,swimming,M,4,no,2020-07-27 00:00:00,27-Jul-2020,7,Summer
27-Jul-2020,2020,USA,swimming,F,63,yes,2020-07-27 00:00:00,27-Jul-2020,7,Summer
23-Jul-2020,2020,USA,fishing,M,23,no,2020-07-23 00:00:00,23-Jul-2020,7,Summer
23-Jul-2020,2020,USA,standing,M,11,no,2020-07-23 00:00:00,23-Jul-2020,7,Summer
19-Jul-2020,2020,USA,wading,F,12,no,2020-07-19 00:00:00,19-Jul-2020,7,Summer
17-Jul-2020,2020,Australia,fishing,M,10,no,2020-07-17 00:00:00,17-Jul-2020,7,Summer
14-Jul-2020,2020,USA,wading,F,14,no,2020-07-14 00:00:00,14-Jul-2020,7,Summer
13-Jul-2020,2020,Australia,snorkeling,F,29,no,2020-07-13 00:00:00,13-Jul-2020,7,Summer
11-Jul-2020,2020,Australia,surfing,M,15,yes,2020-07-11 00:00:00,11-Jul-2020,7,Summer
04-Jul-2020,2020,Australia,fishing,M,36,yes,2020-07-04 00:00:00,04-Jul-2020,7,Summer
20-Jun-2020,2020,USA,surfing,M,16,no,2020-06-20 00:00:00,20-Jun-2020,6,Summer
10-Jun-2020,2020,New Caledonia,surfing,M,30,yes,2020-06-10 00:00:00,10-Jun-2020,6,Summer
07-Jun-2020,2020,Australia,surfing,M,60,yes,2020-06-07 00:00:00,07-Jun-2020,6,Summer
01-Jun-2020,2020,USA,surfing,M,15,no,2020-06-01 00:00:00,01-Jun-2020,6,Summer
31-May-2020,2020,Bahamas,fishing,M,15,no,2020-05-31 00:00:00,31-May-2020,5,Spring
30-May-2020,2020,Australia,fishing,M,18,no,2020-05-30 00:00:00,30-May-2020,5,Spring
17 May 2020,2020,French Polynesia,snorkeling,M,15,no,2020-05-17 00:00:00,17 May 2020,5,Spring
09-May-2020,2020,USA,surfing,M,26,yes,2020-05-09 00:00:00,09-May-2020,5,Spring
08-May-2020,2020,Australia,surfing,M,15,no,2020-05-08 00:00:00,08-May-2020,5,Spring
01-May-2020,2020,USA,swimming,F,57,no,2020-05-01 00:00:00,01-May-2020,5,Spring
29-Apr-2020,2020,USA,body boarding,M,16,no,2020-04-29 00:00:00,29-Apr-2020,4,Spring
21-Apr-2020,2020,Australia,swimming,F,15,no,2020-04-21 00:00:00,21-Apr-2020,4,Spring
07-Apr-2020,2020,USA,surfing,F,15,no,2020-04-07 00:00:00,07-Apr-2020,4,Spring
06-Apr-2020,2020,Australia,swimming,M,23,yes,2020-04-06 00:00:00,06-Apr-2020,4,Spring
06-Apr-2020,2020,Australia,surfing,M,38,no,2020-04-06 00:00:00,06-Apr-2020,4,Spring
22-Mar-2020,2020,USA,surfing,M,15,no,2020-03-22 00:00:00,22-Mar-2020,3,Spring
22-Mar-2020,2020,USA,surfing,M,15,no,2020-03-22 00:00:00,22-Mar-2020,3,Spring
Reported 14-Mar-2020,2020,New Zealand,fishing,M,15,no,2020-03-14 00:00:00,Reported 14-Mar-2020,3,Spring
22-Feb-2020,2020,New Zealand,surfing,M,60,no,2020-02-22 00:00:00,22-Feb-2020,2,Winter
17-Jan-2020,2020,Australia,surfing,M,59,no,2020-01-17 00:00:00,17-Jan-2020,1,Winter
16-Jan-2020,2020,New Zealand,surfing,F,13,no,2020-01-16 00:00:00,16-Jan-2020,1,Winter
13-Jan-2020,2020,USA,surfing,M,26,no,2020-01-13 00:00:00,13-Jan-2020,1,Winter
07-Jan-2020,2020,Australia,swimming,F,7,no,2020-01-07 00:00:00,07-Jan-2020,1,Winter
05-Jan-2020,2020,Australia,diving,M,57,yes,2020-01-05 00:00:00,05-Jan-2020,1,Winter
02-Jan-2020,2020,Australia,swimming,M,21,yes,2020-01-02 00:00:00,02-Jan-2020,1,Winter
30-Dec-2019,2019,Australia,swimming,M,30,no,2019-12-30 00:00:00,30-Dec-2019,12,Winter
24-Dec-2019,2019,New Zealand,boogie boarding,F,17,no,2019-12-24 00:00:00,24-Dec-2019,12,Winter
21-Dec-2019,2019,USA,surfing,M,37,no,2019-12-21 00:00:00,21-Dec-2019,12,Winter
20-Dec-2019,2019,Australia,fishing,M,15,unknown,2019-12-20 00:00:00,20-Dec-2019,12,Winter
06-Dec-2019,2019,Australia,diving,M,57,no,2019-12-06 00:00:00,06-Dec-2019,12,Winter
30-Nov-2019,2019,USA,surfing,M,9,no,2019-11-30 00:00:00,30-Nov-2019,11,Autumn
30-Nov-2019,2019,Australia,snorkeling,M,30,no,2019-11-30 00:00:00,30-Nov-2019,11,Autumn
23-Nov-2019,2019,Australia,fishing,M,38,unknown,2019-11-23 00:00:00,23-Nov-2019,11,Autumn
23-Nov-2019,2019,Mexico,fishing,M,15,no,2019-11-23 00:00:00,23-Nov-2019,11,Autumn
12-Nov-2019,2019,USA,surfing,M,30,no,2019-11-12 00:00:00,12-Nov-2019,11,Autumn
11-Nov-2019,2019,Mexico,snorkeling,M,23,no,2019-11-11 00:00:00,11-Nov-2019,11,Autumn
09-Nov-2019,2019,South Africa,fishing,M,15,no,2019-11-09 00:00:00,09-Nov-2019,11,Autumn
06-Nov-2019,2019,USA,surfing,F,15,no,2019-11-06 00:00:00,06-Nov-2019,11,Autumn
29-Oct-2019,2019,Australia,snorkeling,M,28,no,2019-10-29 00:00:00,29-Oct-2019,10,Autumn
27-Oct-2019,2019,USA,surfing,M,32,no,2019-10-27 00:00:00,27-Oct-2019,10,Autumn
25-Oct-2019,2019,USA,fishing,M,15,no,2019-10-25 00:00:00,25-Oct-2019,10,Autumn
21-Oct-2019,2019,French Polynesia,snorkeling,F,35,unknown,2019-10-21 00:00:00,21-Oct-2019,10,Autumn
17-Oct-2019,2019,Australia,surfing,M,17,no,2019-10-17 00:00:00,17-Oct-2019,10,Autumn
08-Oct-2019,2019,USA,surfing,M,20,no,2019-10-08 00:00:00,08-Oct-2019,10,Autumn
05-Oct-2019,2019,Australia,surfing,M,29,no,2019-10-05 00:00:00,05-Oct-2019,10,Autumn
05-Oct-2019,2019,USA,kayaking,M,51,no,2019-10-05 00:00:00,05-Oct-2019,10,Autumn
Reported 04-Oct-2019,2019,USA,surfing,M,15,no,2019-10-04 00:00:00,Reported 04-Oct-2019,10,Autumn
28-Sep-2019,2019,Australia,fishing,M,45,no,2019-09-28 00:00:00,28-Sep-2019,9,Autumn
26-Sep-2019,2019,USA,surfing,F,15,no,2019-09-26 00:00:00,26-Sep-2019,9,Autumn
24-Sep-2019,2019,USA,swimming,M,15,no,2019-09-24 00:00:00,24-Sep-2019,9,Autumn
24-Sep-2019,2019,USA,surfing,M,13,no,2019-09-24 00:00:00,24-Sep-2019,9,Autumn
18-Sep-2019,2019,USA,snorkeling,M,22,no,2019-09-18 00:00:00,18-Sep-2019,9,Autumn
07-Sep-2019,2019,Australia,fishing,M,15,no,2019-09-07 00:00:00,07-Sep-2019,9,Autumn
31-Aug-2019,2019,USA,fishing,M,70,no,2019-08-31 00:00:00,31-Aug-2019,8,Summer
27-Aug-2019,2019,USA,surfing,M,40,no,2019-08-27 00:00:00,27-Aug-2019,8,Summer
21-Aug-2019,2019,USA,wading,M,11,no,2019-08-21 00:00:00,21-Aug-2019,8,Summer
20-Aug-2019,2019,USA,swimming,F,26,no,2019-08-20 00:00:00,20-Aug-2019,8,Summer
16-Aug-2019,2019,USA,wading,M,9,no,2019-08-16 00:00:00,16-Aug-2019,8,Summer
11-Aug-2019,2019,USA,surfing,M,16,no,2019-08-11 00:00:00,11-Aug-2019,8,Summer
04-Aug-2019,2019,USA,standing,M,51,no,2019-08-04 00:00:00,04-Aug-2019,8,Summer
03-Aug-2019,2019,USA,surfing,F,21,no,2019-08-03 00:00:00,03-Aug-2019,8,Summer
03-Aug-2019,2019,USA,surfing,M,20,no,2019-08-03 00:00:00,03-Aug-2019,8,Summer
03-Aug-2019,2019,USA,diving,M,37,no,2019-08-03 00:00:00,03-Aug-2019,8,Summer
29-Jul-2019,2019,USA,swimming,M,49,no,2019-07-29 00:00:00,29-Jul-2019,7,Summer
30-Jul-2019,2019,USA,fishing,M,15,no,2019-07-30 00:00:00,30-Jul-2019,7,Summer
29-Jul-2019,2019,USA,surfing,M,18,no,2019-07-29 00:00:00,29-Jul-2019,7,Summer
28-Jul-2019,2019,Australia,snorkeling,F,15,unknown,2019-07-28 00:00:00,28-Jul-2019,7,Summer
27-Jul-2019,2019,USA,boogie boarding,M,49,no,2019-07-27 00:00:00,27-Jul-2019,7,Summer
27-Jul-2019,2019,USA,surfing,M,23,no,2019-07-27 00:00:00,27-Jul-2019,7,Summer
22-Jul-2019,2019,USA,surfing,M,18,no,2019-07-22 00:00:00,22-Jul-2019,7,Summer
18-Jul-2019,2019,USA,diving,M,15,unknown,2019-07-18 00:00:00,18-Jul-2019,7,Summer
Reported 17-Jul-2019,2019,New Zealand,diving,M,45,no,2019-07-17 00:00:00,Reported 17-Jul-2019,7,Summer
16-Jul-2019,2019,USA,surfing,F,15,no,2019-07-16 00:00:00,16-Jul-2019,7,Summer
12-Jul-2019,2019,USA,boogie boarding,F,16,no,2019-07-12 00:00:00,12-Jul-2019,7,Summer
10-Jul-2019,2019,South Africa,surfing,M,20,no,2019-07-10 00:00:00,10-Jul-2019,7,Summer
06-Jul-2019,2019,Mexico,fishing,M,15,no,2019-07-06 00:00:00,06-Jul-2019,7,Summer
04-Jul-2019,2019,Bahamas,snorkeling,M,32,no,2019-07-04 00:00:00,04-Jul-2019,7,Summer
30-Jun-2019,2019,USA,surfing,M,18,no,2019-06-30 00:00:00,30-Jun-2019,6,Summer
26-Jun-2019,2019,Bahamas,snorkeling,F,21,yes,2019-06-26 00:00:00,26-Jun-2019,6,Summer
21-Jun-2019,2019,Bahamas,fishing,M,15,no,2019-06-21 00:00:00,21-Jun-2019,6,Summer
16-Jun-2019,2019,USA,swimming,M,8,no,2019-06-16 00:00:00,16-Jun-2019,6,Summer
17-Jun-2019,2019,Bahamas,snorkeling,M,50,unknown,2019-06-17 00:00:00,17-Jun-2019,6,Summer
16-Jun-2019,2019,USA,swimming,M,64,no,2019-06-16 00:00:00,16-Jun-2019,6,Summer
10-Jun-2019,2019,USA,surfing,M,19,no,2019-06-10 00:00:00,10-Jun-2019,6,Summer
Reported 06-Jun-2019,2019,Australia,diving,M,15,no,2019-06-06 00:00:00,Reported 06-Jun-2019,6,Summer
05-Jun-2019,2019,Australia,surfing,M,15,no,2019-06-05 00:00:00,05-Jun-2019,6,Summer
02-Jun-2019,2019,USA,standing,F,17,no,2019-06-02 00:00:00,02-Jun-2019,6,Summer
29-May-2019,2019,New Caledonia,fishing,M,43,yes,2019-05-29 00:00:00,29-May-2019,5,Spring
25-May-2019,2019,USA,swimming,M,65,yes,2019-05-25 00:00:00,25-May-2019,5,Spring
25-May-2019,2019,New Caledonia,swimming,M,10,no,2019-05-25 00:00:00,25-May-2019,5,Spring
20-May-2019,2019,USA,body boarding,M,67,no,2019-05-20 00:00:00,20-May-2019,5,Spring
14-May-2019,2019,USA,surfing,M,15,no,2019-05-14 00:00:00,14-May-2019,5,Spring
14-May-2019,2019,Australia,surfing,M,53,no,2019-05-14 00:00:00,14-May-2019,5,Spring
08-May-2019,2019,USA,swimming,F,34,no,2019-05-08 00:00:00,08-May-2019,5,Spring
07-May-2019,2019,USA,surfing,F,28,no,2019-05-07 00:00:00,07-May-2019,5,Spring
04-May-2019,2019,Brazil,fishing,M,12,no,2019-05-04 00:00:00,04-May-2019,5,Spring
01-May-2019,2019,USA,fishing,M,15,no,2019-05-01 00:00:00,01-May-2019,5,Spring
Reported 27-Apr-2019,2019,Australia,fishing,M,18,no,2019-04-27 00:00:00,Reported 27-Apr-2019,4,Spring
23-Apr-2019,2019,USA,kayaking,F,65,no,2019-04-23 00:00:00,23-Apr-2019,4,Spring
12-Apr-2019,2019,USA,boogie boarding,F,10,no,2019-04-12 00:00:00,12-Apr-2019,4,Spring
06-Apr-2019,2019,USA,swimming,M,23,no,2019-04-06 00:00:00,06-Apr-2019,4,Spring
25-Mar-2019,2019,Australia,swimming,M,25,no,2019-03-25 00:00:00,25-Mar-2019,3,Spring
22-Mar-2019,2019,USA,surfing,M,46,no,2019-03-22 00:00:00,22-Mar-2019,3,Spring
21-Mar-2019,2019,Mexico,swimming,M,32,no,2019-03-21 00:00:00,21-Mar-2019,3,Spring
16-Mar-2019,2019,USA,swimming,M,58,no,2019-03-16 00:00:00,16-Mar-2019,3,Spring
12-Mar-2019,2019,USA,boogie boarding,M,11,no,2019-03-12 00:00:00,12-Mar-2019,3,Spring
05-Mar-2019,2019,USA,surfing,M,15,no,2019-03-05 00:00:00,05-Mar-2019,3,Spring
05-Mar-2019,2019,South Africa,fishing,M,46,no,2019-03-05 00:00:00,05-Mar-2019,3,Spring
18-Feb-2018,2018,USA,surfing,M,15,no,2018-02-18 00:00:00,18-Feb-2018,2,Winter
17-Feb-2019,2019,Australia,surfing,M,41,no,2019-02-17 00:00:00,17-Feb-2019,2,Winter
14-Feb-2019,2019,Brazil,surfing,M,31,no,2019-02-14 00:00:00,14-Feb-2019,2,Winter
10-Feb-2019,2019,Australia,fishing,M,25,no,2019-02-10 00:00:00,10-Feb-2019,2,Winter
04-Feb-2019,2019,USA,surfing,M,15,no,2019-02-04 00:00:00,04-Feb-2019,2,Winter
04-Feb-2019,2019,Australia,surfing,M,50,no,2019-02-04 00:00:00,04-Feb-2019,2,Winter
02-Feb-2019,2019,South Africa,fishing,M,15,no,2019-02-02 00:00:00,02-Feb-2019,2,Winter
02-Feb-2019,2019,USA,fishing,M,50,no,2019-02-02 00:00:00,02-Feb-2019,2,Winter
29-Jan-2019,2019,New Zealand,boogie boarding,F,17,no,2019-01-29 00:00:00,29-Jan-2019,1,Winter
14-Jan-2019,2019,Australia,swimming,F,15,no,2019-01-14 00:00:00,14-Jan-2019,1,Winter
10-Jan-2019,2019,Australia,wading,F,9,no,2019-01-10 00:00:00,10-Jan-2019,1,Winter
8-Jan-2019,2019,USA,surfing,M,19,no,2019-01-08 00:00:00,8-Jan-2019,1,Winter
18-Dec-2018,2018,Mexico,diving,M,35,yes,2018-12-18 00:00:00,18-Dec-2018,12,Winter
15-Dec-2018,2018,New Zealand,fishing,M,24,no,2018-12-15 00:00:00,15-Dec-2018,12,Winter
09-Dec-2018,2018,New Zealand,fishing,M,50,no,2018-12-09 00:00:00,09-Dec-2018,12,Winter
09-Dec-2018,2018,Australia,surfing,M,36,no,2018-12-09 00:00:00,09-Dec-2018,12,Winter
28-Nov-2018,2018,Australia,surfing,M,20,no,2018-11-28 00:00:00,28-Nov-2018,11,Autumn
24-Nov-2018,2018,USA,surfing,M,48,no,2018-11-24 00:00:00,24-Nov-2018,11,Autumn
18-Nov-2018,2018,Australia,fishing,M,17,no,2018-11-18 00:00:00,18-Nov-2018,11,Autumn
17-Nov-2018,2018,Australia,surfing,M,24,no,2018-11-17 00:00:00,17-Nov-2018,11,Autumn
14-Nov-2018,2018,Australia,kayaking,M,31,no,2018-11-14 00:00:00,14-Nov-2018,11,Autumn
11-Nov-2018,2018,South Africa,fishing,M,41,no,2018-11-11 00:00:00,11-Nov-2018,11,Autumn
11-Nov-2018,2018,Australia,body boarding,M,20,no,2018-11-11 00:00:00,11-Nov-2018,11,Autumn
09-Nov-2018,2018,Bahamas,swimming,M,8,no,2018-11-09 00:00:00,09-Nov-2018,11,Autumn
07-Nov-2018,2018,Australia,surfing,M,42,no,2018-11-07 00:00:00,07-Nov-2018,11,Autumn
05-Nov-2018,2018,Australia,swimming,M,33,yes,2018-11-05 00:00:00,05-Nov-2018,11,Autumn
03-Nov-2018,2018,Egypt,diving,M,15,no,2018-11-03 00:00:00,03-Nov-2018,11,Autumn
24-Oct-2018,2018,Australia,surfing,M,15,no,2018-10-24 00:00:00,24-Oct-2018,10,Autumn
23-Oct-2018,2018,USA,surfing,F,15,no,2018-10-23 00:00:00,23-Oct-2018,10,Autumn
23-Oct-2018,2018,USA,surfing,M,29,no,2018-10-23 00:00:00,23-Oct-2018,10,Autumn
23-Oct-2018,2018,USA,diving,M,15,no,2018-10-23 00:00:00,23-Oct-2018,10,Autumn
19-Oct-2018,2018,Australia,surfing,M,50,no,2018-10-19 00:00:00,19-Oct-2018,10,Autumn
19-Oct-2018,2018,New Zealand,surfing,M,25,no,2018-10-19 00:00:00,19-Oct-2018,10,Autumn
13-Oct-2018,2018,Australia,fishing,M,15,no,2018-10-13 00:00:00,13-Oct-2018,10,Autumn
11-Oct-2018,2018,USA,surfing,F,15,no,2018-10-11 00:00:00,11-Oct-2018,10,Autumn
08-Oct-2018,2018,Australia,fishing,M,55,no,2018-10-08 00:00:00,08-Oct-2018,10,Autumn
29-Sep-2018,2018,USA,diving,M,13,no,2018-09-29 00:00:00,29-Sep-2018,9,Autumn
27-Sep-2018,2018,USA,fishing,M,55,no,2018-09-27 00:00:00,27-Sep-2018,9,Autumn
23-Sep-2018,2018,Bahamas,fishing,F,32,no,2018-09-23 00:00:00,23-Sep-2018,9,Autumn
20-Sep-2018,2018,Australia,swimming,F,12,no,2018-09-20 00:00:00,20-Sep-2018,9,Autumn
19-Sep-2018,2018,Australia,swimming,F,46,no,2018-09-19 00:00:00,19-Sep-2018,9,Autumn
15-Sep-2018,2018,USA,boogie boarding,M,26,yes,2018-09-15 00:00:00,15-Sep-2018,9,Autumn
08-Sep-2018,2018,USA,surfing,M,39,no,2018-09-08 00:00:00,08-Sep-2018,9,Autumn
07-Sep-2018,2018,USA,surfing,M,60,no,2018-09-07 00:00:00,07-Sep-2018,9,Autumn
Reported 28-Aug-2018,2018,Bahamas,diving,M,15,no,2018-08-28 00:00:00,Reported 28-Aug-2018,8,Summer
24-Aug-2018,2018,USA,swimming,M,14,no,2018-08-24 00:00:00,24-Aug-2018,8,Summer
20-Aug-2018,2018,Bahamas,fishing,M,29,no,2018-08-20 00:00:00,20-Aug-2018,8,Summer
18-Aug-2018,2018,USA,surfing,M,14,no,2018-08-18 00:00:00,18-Aug-2018,8,Summer
15-Aug-2018,2018,Bahamas,standing,F,56,no,2018-08-15 00:00:00,15-Aug-2018,8,Summer
15-Aug-2018,2018,USA,swimming,M,61,no,2018-08-15 00:00:00,15-Aug-2018,8,Summer
09-Aug-2018,2018,USA,fishing,M,42,no,2018-08-09 00:00:00,09-Aug-2018,8,Summer
05-Aug-2018,2018,USA,standing,M,16,no,2018-08-05 00:00:00,05-Aug-2018,8,Summer
05-Aug-2018,2018,USA,swimming,F,10,no,2018-08-05 00:00:00,05-Aug-2018,8,Summer
03-Aug-2018,2018,Egypt,snorkeling,M,42,yes,2018-08-03 00:00:00,03-Aug-2018,8,Summer
29-Jul-2018,2018,USA,surfing,M,14,no,2018-07-29 00:00:00,29-Jul-2018,7,Summer
18-Jul-2018,2018,USA,boogie boarding,M,13,no,2018-07-18 00:00:00,18-Jul-2018,7,Summer
18-Jul-2018,2018,USA,wading,F,12,no,2018-07-18 00:00:00,18-Jul-2018,7,Summer
Reported 16-Jul-2018,2018,USA,surfing,F,15,unknown,2018-07-16 00:00:00,Reported 16-Jul-2018,7,Summer
14-Jul-2018,2018,USA,wading,F,58,no,2018-07-14 00:00:00,14-Jul-2018,7,Summer
14-Jul-2018,2018,USA,surfing,F,14,no,2018-07-14 00:00:00,14-Jul-2018,7,Summer
13-Jul-2018,2018,USA,wading,M,17,no,2018-07-13 00:00:00,13-Jul-2018,7,Summer
13-Jul-2018,2018,USA,surfing,M,30,no,2018-07-13 00:00:00,13-Jul-2018,7,Summer
11-Jul-2018,2018,USA,surfing,M,14,no,2018-07-11 00:00:00,11-Jul-2018,7,Summer
07-Jul-2018,2018,USA,snorkeling,M,15,no,2018-07-07 00:00:00,07-Jul-2018,7,Summer
02-Jul-2018,2018,USA,boogie boarding,F,11,no,2018-07-02 00:00:00,02-Jul-2018,7,Summer
18-Jun-2018,2018,USA,fishing,M,15,no,2018-06-18 00:00:00,18-Jun-2018,6,Summer
18-Jun-2018,2018,USA,standing,F,11,no,2018-06-18 00:00:00,18-Jun-2018,6,Summer
09-Jun-2018,2018,USA,surfing,M,48,no,2018-06-09 00:00:00,09-Jun-2018,6,Summer
08-Jun-2018,2018,Australia,surfing,M,15,no,2018-06-08 00:00:00,08-Jun-2018,6,Summer
04-Jun-2018,2018,Mexico,diving,M,15,no,2018-06-04 00:00:00,04-Jun-2018,6,Summer
03-Jun-2018,2018,Australia,surfing,M,15,no,2018-06-03 00:00:00,03-Jun-2018,6,Summer
03-Jun-2018,2018,Brazil,swimming,M,18,yes,2018-06-03 00:00:00,03-Jun-2018,6,Summer
Jun-1018,1018,Egypt,diving,M,15,no,1018-06-01 00:00:00,Jun-1018,6,Summer
27-May-2018,2018,USA,fishing,M,52,no,2018-05-27 00:00:00,27-May-2018,5,Spring
26-May-2018,2018,USA,standing,M,12,no,2018-05-26 00:00:00,26-May-2018,5,Spring
21-May-2018,2018,USA,boogie boarding,M,10,no,2018-05-21 00:00:00,21-May-2018,5,Spring
13-May-2018,2018,USA,swimming,M,10,no,2018-05-13 00:00:00,13-May-2018,5,Spring
12-May-2018,2018,South Africa,surfing,M,15,no,2018-05-12 00:00:00,12-May-2018,5,Spring
09-May-2018,2018,Australia,surfing,M,15,no,2018-05-09 00:00:00,09-May-2018,5,Spring
28-Apr-2018,2018,USA,fishing,M,15,no,2018-04-28 00:00:00,28-Apr-2018,4,Spring
28-Apr-2018,2018,Australia,surfing,M,15,no,2018-04-28 00:00:00,28-Apr-2018,4,Spring
25-Apr-2018,2018,Australia,surfing,M,15,no,2018-04-25 00:00:00,25-Apr-2018,4,Spring
25-Apr-2018,2018,Australia,surfing,M,60,no,2018-04-25 00:00:00,25-Apr-2018,4,Spring
24-Apr-2018,2018,Australia,surfing,M,15,no,2018-04-24 00:00:00,24-Apr-2018,4,Spring
19-Apr-2018,2018,USA,body boarding,M,29,no,2018-04-19 00:00:00,19-Apr-2018,4,Spring
15-Apr-2018,2018,Brazil,swimming,M,34,unknown,2018-04-15 00:00:00,15-Apr-2018,4,Spring
15-Apr-2018,2018,Australia,surfing,M,41,no,2018-04-15 00:00:00,15-Apr-2018,4,Spring
15-Apr-2018,2018,Australia,surfing,M,37,no,2018-04-15 00:00:00,15-Apr-2018,4,Spring
14-Apr-2018,2018,Bahamas,surfing,M,15,no,2018-04-14 00:00:00,14-Apr-2018,4,Spring
Reported 10-Apr-2018,2018,Brazil,fishing,M,56,no,2018-04-10 00:00:00,Reported 10-Apr-2018,4,Spring
05-Apr-2018,2018,Bahamas,swimming,M,12,no,2018-04-05 00:00:00,05-Apr-2018,4,Spring
03-Apr-2018,2018,South Africa,surfing,M,19,no,2018-04-03 00:00:00,03-Apr-2018,4,Spring
14-Mar-2018,2018,Australia,wading,M,10,no,2018-03-14 00:00:00,14-Mar-2018,3,Spring
9-Mar-2018,2018,Australia,swimming,M,69,no,2018-03-09 00:00:00,9-Mar-2018,3,Spring
9-Mar-2018,2018,Australia,surfing,M,18,no,2018-03-09 00:00:00,9-Mar-2018,3,Spring
24-Feb-2018,2018,South Africa,diving,M,38,no,2018-02-24 00:00:00,24-Feb-2018,2,Winter
23-Feb-2018,2018,Australia,swimming,F,55,no,2018-02-23 00:00:00,23-Feb-2018,2,Winter
18-Feb-2018,2018,Australia,fishing,M,34,no,2018-02-18 00:00:00,18-Feb-2018,2,Winter
14-Feb-2018,2018,Australia,swimming,F,15,no,2018-02-14 00:00:00,14-Feb-2018,2,Winter
01-Feb-2018,2018,Australia,fishing,M,14,no,2018-02-01 00:00:00,01-Feb-2018,2,Winter
21-Jan-2018,2018,New Caledonia,fishing,M,40,no,2018-01-21 00:00:00,21-Jan-2018,1,Winter
17 Jan-2018,2018,French Polynesia,surfing,M,45,no,2018-01-17 00:00:00,17 Jan-2018,1,Winter
14-Jan-2018,2018,Australia,diving,M,15,no,2018-01-14 00:00:00,14-Jan-2018,1,Winter
13-Jan-2018,2018,Australia,diving,M,28,no,2018-01-13 00:00:00,13-Jan-2018,1,Winter
12-Jan-2018,2018,Brazil,surfing,M,20,no,2018-01-12 00:00:00,12-Jan-2018,1,Winter
05-Jan-2018,2018,Australia,surfing,M,15,no,2018-01-05 00:00:00,05-Jan-2018,1,Winter
31-Dec-2017,2017,USA,surfing,F,54,no,2017-12-31 00:00:00,31-Dec-2017,12,Winter
30-Dec-2017,2017,USA,surfing,F,35,no,2017-12-30 00:00:00,30-Dec-2017,12,Winter
09-Dec-2017,2017,Bahamas,snorkeling,F,25,no,2017-12-09 00:00:00,09-Dec-2017,12,Winter
24-Nov-2017,2017,USA,fishing,M,25,no,2017-11-24 00:00:00,24-Nov-2017,11,Autumn
18-Nov-2017,2017,USA,surfing,F,14,no,2017-11-18 00:00:00,18-Nov-2017,11,Autumn
13-Nov-2017,2017,Australia,surfing,M,25,no,2017-11-13 00:00:00,13-Nov-2017,11,Autumn
02-Nov-2017,2017,USA,surfing,M,20,no,2017-11-02 00:00:00,02-Nov-2017,11,Autumn
Reported 31-Oct-2017,2017,Australia,snorkeling,M,7,no,2017-10-31 00:00:00,Reported 31-Oct-2017,10,Autumn
28-Oct-2017,2017,Australia,surfing,M,31,no,2017-10-28 00:00:00,28-Oct-2017,10,Autumn
23-Oct-2017,2017,USA,surfing,M,17,no,2017-10-23 00:00:00,23-Oct-2017,10,Autumn
23-Oct-2017,2017,USA,swimming,F,60,no,2017-10-23 00:00:00,23-Oct-2017,10,Autumn
22-Oct-2017,2017,Australia,fishing,F,15,no,2017-10-22 00:00:00,22-Oct-2017,10,Autumn
21-Oct-2017,2017,New Zealand,kayaking,M,15,no,2017-10-21 00:00:00,21-Oct-2017,10,Autumn
18-Oct-2017,2017,USA,swimming,M,15,no,2017-10-18 00:00:00,18-Oct-2017,10,Autumn
09-Oct-2017,2017,USA,surfing,M,54,no,2017-10-09 00:00:00,09-Oct-2017,10,Autumn
05-Oct-2017,2017,USA,snorkeling,F,40,no,2017-10-05 00:00:00,05-Oct-2017,10,Autumn
01-Oct-2017,2017,South Africa,diving,M,31,unknown,2017-10-01 00:00:00,01-Oct-2017,10,Autumn
25-Sep-2017,2017,USA,surfing,M,15,no,2017-09-25 00:00:00,25-Sep-2017,9,Autumn
25-Sep-2017,2017,Australia,surfing,M,15,no,2017-09-25 00:00:00,25-Sep-2017,9,Autumn
24-Sep-2017,2017,USA,surfing,M,33,unknown,2017-09-24 00:00:00,24-Sep-2017,9,Autumn
24-Sep-2017,2017,USA,surfing,M,15,no,2017-09-24 00:00:00,24-Sep-2017,9,Autumn
20-Sep-2017,2017,USA,surfing,M,15,no,2017-09-20 00:00:00,20-Sep-2017,9,Autumn
16-Sep-2017,2017,USA,surfing,M,28,no,2017-09-16 00:00:00,16-Sep-2017,9,Autumn
15-Sep-2017,2017,South Africa,diving,M,25,unknown,2017-09-15 00:00:00,15-Sep-2017,9,Autumn
Sep-2017,2017,Australia,fishing,M,15,no,2017-09-01 00:00:00,Sep-2017,9,Autumn
13-Sep-2017,2017,USA,surfing,M,18,no,2017-09-13 00:00:00,13-Sep-2017,9,Autumn
10-Sep-2017,2017,Australia,swimming,M,15,no,2017-09-10 00:00:00,10-Sep-2017,9,Autumn
10-Sep-2017,2017,Australia,surfing,M,35,no,2017-09-10 00:00:00,10-Sep-2017,9,Autumn
03-Sep-2017,2017,South Africa,swimming,M,15,yes,2017-09-03 00:00:00,03-Sep-2017,9,Autumn
02-Sep-2017,2017,USA,swimming,M,15,no,2017-09-02 00:00:00,02-Sep-2017,9,Autumn
02-Sep-2017,2017,USA,swimming,F,15,no,2017-09-02 00:00:00,02-Sep-2017,9,Autumn
02-Sep-2017,2017,USA,surfing,M,17,no,2017-09-02 00:00:00,02-Sep-2017,9,Autumn
29-Aug-2017,2017,Australia,surfing,M,37,no,2017-08-29 00:00:00,29-Aug-2017,8,Summer
27-Aug-2017,2017,USA,wading,F,3,no,2017-08-27 00:00:00,27-Aug-2017,8,Summer
18-Aug-2017,2017,Bahamas,fishing,M,15,no,2017-08-18 00:00:00,18-Aug-2017,8,Summer
10-Aug-2017,2017,USA,swimming,M,13,no,2017-08-10 00:00:00,10-Aug-2017,8,Summer
05-Aug-2017,2017,Egypt,snorkeling,F,20,no,2017-08-05 00:00:00,05-Aug-2017,8,Summer
03-Aug-2017,2017,USA,fishing,M,34,no,2017-08-03 00:00:00,03-Aug-2017,8,Summer
01-Aug-2017,2017,USA,fishing,M,15,no,2017-08-01 00:00:00,01-Aug-2017,8,Summer
29-Jul-2017,2017,USA,swimming,M,10,unknown,2017-07-29 00:00:00,29-Jul-2017,7,Summer
27-Jul-2017,2017,Bahamas,snorkeling,F,15,no,2017-07-27 00:00:00,27-Jul-2017,7,Summer
Reported 26-Jul-2017,2017,Bahamas,fishing,M,15,no,2017-07-26 00:00:00,Reported 26-Jul-2017,7,Summer
20-Jul-2017,2017,USA,swimming,F,8,unknown,2017-07-20 00:00:00,20-Jul-2017,7,Summer
20-Jul-2017,2017,USA,kayaking,M,40,no,2017-07-20 00:00:00,20-Jul-2017,7,Summer
14-Jul-2017,2017,USA,surfing,M,15,no,2017-07-14 00:00:00,14-Jul-2017,7,Summer
14-Jul-2017,2017,Australia,surfing,M,15,no,2017-07-14 00:00:00,14-Jul-2017,7,Summer
11-Jul-2017,2017,USA,kayaking,M,15,no,2017-07-11 00:00:00,11-Jul-2017,7,Summer
09-Jul-2017,2017,USA,swimming,M,46,no,2017-07-09 00:00:00,09-Jul-2017,7,Summer
Reported 07-Jul-2017,2017,Mexico,fishing,M,32,no,2017-07-07 00:00:00,Reported 07-Jul-2017,7,Summer
07-Jul-2017,2017,South Africa,surfing,F,13,no,2017-07-07 00:00:00,07-Jul-2017,7,Summer
29-Jun-2017,2017,USA,fishing,M,15,unknown,2017-06-29 00:00:00,29-Jun-2017,6,Summer
21-Jun-2017,2017,USA,swimming,F,16,no,2017-06-21 00:00:00,21-Jun-2017,6,Summer
19-Jun-2017,2017,USA,surfing,M,15,no,2017-06-19 00:00:00,19-Jun-2017,6,Summer
18-Jun-2017,2017,USA,swimming,F,14,no,2017-06-18 00:00:00,18-Jun-2017,6,Summer
2017.06.05,2017,French Polynesia,surfing,M,15,no,2017-06-05 00:00:00,2017.06.05,6,Summer
11-Jun-2017,2017,Australia,body boarding,M,48,no,2017-06-11 00:00:00,11-Jun-2017,6,Summer
10-Jun-2017,2017,Australia,surfing,F,15,no,2017-06-10 00:00:00,10-Jun-2017,6,Summer
10-Jun-2017,2017,USA,surfing,M,19,no,2017-06-10 00:00:00,10-Jun-2017,6,Summer
04-Jun-2017,2017,USA,fishing,M,15,no,2017-06-04 00:00:00,04-Jun-2017,6,Summer
02-Jun-2017,2017,Bahamas,snorkeling,F,32,no,2017-06-02 00:00:00,02-Jun-2017,6,Summer
27-May-2017,2017,Australia,fishing,M,73,no,2017-05-27 00:00:00,27-May-2017,5,Spring
05-May-2017,2017,Mexico,snorkeling,M,33,yes,2017-05-05 00:00:00,05-May-2017,5,Spring
03-May-2017,2017,USA,surfing,F,18,unknown,2017-05-03 00:00:00,03-May-2017,5,Spring
29-Apr-2017,2017,USA,swimming,F,15,no,2017-04-29 00:00:00,29-Apr-2017,4,Spring
29-Apr-2017,2017,South Africa,surfing,M,14,no,2017-04-29 00:00:00,29-Apr-2017,4,Spring
29-Apr-2017,2017,USA,surfing,F,33,no,2017-04-29 00:00:00,29-Apr-2017,4,Spring
27-Apr-2017,2017,New Zealand,body boarding,F,20,no,2017-04-27 00:00:00,27-Apr-2017,4,Spring
20-Apr-2017,2017,USA,swimming,M,15,unknown,2017-04-20 00:00:00,20-Apr-2017,4,Spring
17-Apr-2017,2017,Australia,surfing,F,17,yes,2017-04-17 00:00:00,17-Apr-2017,4,Spring
14-Apr-2017,2017,USA,surfing,M,28,no,2017-04-14 00:00:00,14-Apr-2017,4,Spring
13-Apr-2017,2017,USA,surfing,M,17,no,2017-04-13 00:00:00,13-Apr-2017,4,Spring
12-Apr-2017,2017,USA,surfing,F,15,no,2017-04-12 00:00:00,12-Apr-2017,4,Spring
12-Apr-2017,2017,South Africa,diving,M,68,unknown,2017-04-12 00:00:00,12-Apr-2017,4,Spring
11-Apr-2017,2017,USA,surfing,F,35,no,2017-04-11 00:00:00,11-Apr-2017,4,Spring
10-Apr-2017,2017,USA,swimming,F,21,no,2017-04-10 00:00:00,10-Apr-2017,4,Spring
06-Apr-2017,2017,USA,swimming,M,16,no,2017-04-06 00:00:00,06-Apr-2017,4,Spring
05-Apr-2017,2017,USA,swimming,F,51,no,2017-04-05 00:00:00,05-Apr-2017,4,Spring
02-Apr-2017,2017,USA,swimming,F,17,no,2017-04-02 00:00:00,02-Apr-2017,4,Spring
27-Mar-2017,2017,USA,surfing,M,58,no,2017-03-27 00:00:00,27-Mar-2017,3,Spring
19-Mar-2017,2017,Australia,body boarding,M,30,no,2017-03-19 00:00:00,19-Mar-2017,3,Spring
18-Mar-2017,2017,USA,kayaking,M,15,no,2017-03-18 00:00:00,18-Mar-2017,3,Spring
07-Mar-2017,2017,Mexico,fishing,M,15,no,2017-03-07 00:00:00,07-Mar-2017,3,Spring
25-Feb-2017,2017,Australia,snorkeling,F,15,no,2017-02-25 00:00:00,25-Feb-2017,2,Winter
24-Feb-2017,2017,Australia,surfing,M,15,no,2017-02-24 00:00:00,24-Feb-2017,2,Winter
17-Feb-2017,2017,Australia,fishing,M,26,no,2017-02-17 00:00:00,17-Feb-2017,2,Winter
11-Feb-2017,2017,USA,swimming,M,22,no,2017-02-11 00:00:00,11-Feb-2017,2,Winter
06-Feb-2017,2017,South Africa,fishing,M,15,no,2017-02-06 00:00:00,06-Feb-2017,2,Winter
01-Feb-2017,2017,USA,fishing,F,15,no,2017-02-01 00:00:00,01-Feb-2017,2,Winter
01-Feb-2017,2017,Bahamas,diving,M,37,no,2017-02-01 00:00:00,01-Feb-2017,2,Winter
24-Jan-2017,2017,Brazil,swimming,M,21,no,2017-01-24 00:00:00,24-Jan-2017,1,Winter
21-Jan-2017,2017,Australia,diving,M,55,no,2017-01-21 00:00:00,21-Jan-2017,1,Winter
13-Jan-2017,2017,Australia,swimming,M,57,no,2017-01-13 00:00:00,13-Jan-2017,1,Winter
05-Jan-2017,2017,USA,wading,M,47,no,2017-01-05 00:00:00,05-Jan-2017,1,Winter
03-Jan-2017,2017,Australia,wading,M,20,unknown,2017-01-03 00:00:00,03-Jan-2017,1,Winter
27-Dec-2016,2016,USA,surfing,M,16,no,2016-12-27 00:00:00,27-Dec-2016,12,Winter
24-Dec-2016,2016,Australia,snorkeling,F,15,no,2016-12-24 00:00:00,24-Dec-2016,12,Winter
14-Dec-2016,2016,Australia,diving,M,61,no,2016-12-14 00:00:00,14-Dec-2016,12,Winter
11-Dec-2016,2016,French Polynesia,fishing,M,40,no,2016-12-11 00:00:00,11-Dec-2016,12,Winter
11-Dec-2016,2016,USA,surfing,M,19,unknown,2016-12-11 00:00:00,11-Dec-2016,12,Winter
06-Dec-2016,2016,Australia,fishing,M,20,no,2016-12-06 00:00:00,06-Dec-2016,12,Winter
01-Dec-2016,2016,Australia,surfing,M,65,no,2016-12-01 00:00:00,01-Dec-2016,12,Winter
28-Nov-2016,2016,Australia,fishing,M,73,no,2016-11-28 00:00:00,28-Nov-2016,11,Autumn
30-Oct-2016,2016,USA,surfing,M,41,no,2016-10-30 00:00:00,30-Oct-2016,10,Autumn
29-Oct-2016,2016,USA,surfing,M,42,no,2016-10-29 00:00:00,29-Oct-2016,10,Autumn
24-Oct-2016,2016,Australia,surfing,M,36,no,2016-10-24 00:00:00,24-Oct-2016,10,Autumn
21-Oct-2016,2016,USA,surfing,M,36,no,2016-10-21 00:00:00,21-Oct-2016,10,Autumn
15-Oct-2016,2016,Australia,surfing,M,15,no,2016-10-15 00:00:00,15-Oct-2016,10,Autumn
14-Oct-2016,2016,USA,snorkeling,F,66,no,2016-10-14 00:00:00,14-Oct-2016,10,Autumn
13-Oct-2016,2016,Mexico,diving,M,15,unknown,2016-10-13 00:00:00,13-Oct-2016,10,Autumn
12-Oct-2016,2016,Australia,surfing,M,25,no,2016-10-12 00:00:00,12-Oct-2016,10,Autumn
10-Oct-2016,2016,USA,surfing,M,29,no,2016-10-10 00:00:00,10-Oct-2016,10,Autumn
02-Oct-2016,2016,USA,surfing,M,21,no,2016-10-02 00:00:00,02-Oct-2016,10,Autumn
26-Sep-2016,2016,Australia,surfing,M,17,no,2016-09-26 00:00:00,26-Sep-2016,9,Autumn
18-Sep-2016,2016,USA,surfing,M,16,no,2016-09-18 00:00:00,18-Sep-2016,9,Autumn
18-Sep-2016,2016,USA,surfing,M,36,no,2016-09-18 00:00:00,18-Sep-2016,9,Autumn
18-Sep-2016,2016,USA,surfing,M,43,no,2016-09-18 00:00:00,18-Sep-2016,9,Autumn
17-Sep-2016,2016,USA,surfing,M,43,no,2016-09-17 00:00:00,17-Sep-2016,9,Autumn
17-Sep-2016,2016,Australia,surfing,M,15,no,2016-09-17 00:00:00,17-Sep-2016,9,Autumn
16-Sep-2016,2016,Australia,surfing,M,15,no,2016-09-16 00:00:00,16-Sep-2016,9,Autumn
15-Sep-2016,2016,Australia,fishing,F,15,no,2016-09-15 00:00:00,15-Sep-2016,9,Autumn
11-Sep-2016,2016,USA,wading,M,60,no,2016-09-11 00:00:00,11-Sep-2016,9,Autumn
07-Sep-2016,2016,USA,swimming,F,51,no,2016-09-07 00:00:00,07-Sep-2016,9,Autumn
06-Sep-2016,2016,New Caledonia,surfing,M,50,yes,2016-09-06 00:00:00,06-Sep-2016,9,Autumn
05-Sep-2016,2016,USA,boogie boarding,F,12,no,2016-09-05 00:00:00,05-Sep-2016,9,Autumn
05-Sep-2016,2016,Australia,surfing,M,15,no,2016-09-05 00:00:00,05-Sep-2016,9,Autumn
04-Sep-2016,2016,USA,body boarding,M,9,no,2016-09-04 00:00:00,04-Sep-2016,9,Autumn
01-Sep-2016,2016,USA,fishing,M,22,no,2016-09-01 00:00:00,01-Sep-2016,9,Autumn
Sep-2016,2016,Mexico,diving,M,15,unknown,2016-09-01 00:00:00,Sep-2016,9,Autumn
29-Aug-2016,2016,USA,surfing,M,25,no,2016-08-29 00:00:00,29-Aug-2016,8,Summer
29-Aug-2016,2016,USA,surfing,M,37,no,2016-08-29 00:00:00,29-Aug-2016,8,Summer
25-Aug-2016,2016,USA,wading,M,49,no,2016-08-25 00:00:00,25-Aug-2016,8,Summer
07-Aug-2016,2016,Bahamas,snorkeling,M,15,no,2016-08-07 00:00:00,07-Aug-2016,8,Summer
04-Aug-2016,2016,USA,surfing,M,22,no,2016-08-04 00:00:00,04-Aug-2016,8,Summer
26-Jul-2016,2016,Australia,surfing,M,18,no,2016-07-26 00:00:00,26-Jul-2016,7,Summer
23-Jul-2016,2016,Australia,surfing,M,36,no,2016-07-23 00:00:00,23-Jul-2016,7,Summer
23-Jul-2016,2016,Bahamas,fishing,M,15,no,2016-07-23 00:00:00,23-Jul-2016,7,Summer
20-Jul-2016,2016,Australia,fishing,M,31,no,2016-07-20 00:00:00,20-Jul-2016,7,Summer
17-Jul-2016,2016,USA,fishing,M,15,no,2016-07-17 00:00:00,17-Jul-2016,7,Summer
16-Jul-2016,2016,USA,surfing,F,9,no,2016-07-16 00:00:00,16-Jul-2016,7,Summer
15-Jul-2016,2016,USA,surfing,M,61,no,2016-07-15 00:00:00,15-Jul-2016,7,Summer
15-Jul-2016,2016,USA,swimming,M,15,no,2016-07-15 00:00:00,15-Jul-2016,7,Summer
Reported  14-Jul-2016,2016,Bahamas,diving,M,15,no,2016-07-14 00:00:00,Reported  14-Jul-2016,7,Summer
08-Jul-2016,2016,USA,fishing,M,15,no,2016-07-08 00:00:00,08-Jul-2016,7,Summer
07-Jul-2016,2016,USA,fishing,M,59,no,2016-07-07 00:00:00,07-Jul-2016,7,Summer
07-Jul-2016,2016,USA,fishing,M,15,no,2016-07-07 00:00:00,07-Jul-2016,7,Summer
06-Jul-2016,2016,USA,swimming,F,42,no,2016-07-06 00:00:00,06-Jul-2016,7,Summer
04-Jul-2016,2016,Australia,fishing,M,34,no,2016-07-04 00:00:00,04-Jul-2016,7,Summer
25-Jun-2016,2016,USA,surfing,M,11,no,2016-06-25 00:00:00,25-Jun-2016,6,Summer
23-Jun-2016,2016,South Africa,fishing,M,43,no,2016-06-23 00:00:00,23-Jun-2016,6,Summer
21-Jun-2016,2016,USA,wading,M,15,no,2016-06-21 00:00:00,21-Jun-2016,6,Summer
15-Jun-2016,2016,USA,surfing,M,15,no,2016-06-15 00:00:00,15-Jun-2016,6,Summer
15-Jun-2016,2016,Australia,fishing,M,19,no,2016-06-15 00:00:00,15-Jun-2016,6,Summer
11-Jun-2016,2016,USA,standing,M,19,no,2016-06-11 00:00:00,11-Jun-2016,6,Summer
07-Jun-2016,2016,USA,surfing,M,27,unknown,2016-06-07 00:00:00,07-Jun-2016,6,Summer
05-Jun-2016,2016,USA,swimming,M,64,no,2016-06-05 00:00:00,05-Jun-2016,6,Summer
05-Jun-2016,2016,Australia,diving,F,60,yes,2016-06-05 00:00:00,05-Jun-2016,6,Summer
04-Jun-2016,2016,Egypt,swimming,M,23,no,2016-06-04 00:00:00,04-Jun-2016,6,Summer
02-Jun-2016,2016,Australia,fishing,M,15,unknown,2016-06-02 00:00:00,02-Jun-2016,6,Summer
02-Jun-2016,2016,New Caledonia,surfing,M,15,no,2016-06-02 00:00:00,02-Jun-2016,6,Summer
31-May-2016,2016,Australia,surfing,M,29,yes,2016-05-31 00:00:00,31-May-2016,5,Spring
29-May-2016,2016,USA,swimming,F,52,no,2016-05-29 00:00:00,29-May-2016,5,Spring
29-May-2016,2016,USA,swimming,M,13,no,2016-05-29 00:00:00,29-May-2016,5,Spring
22-May-2016,2016,USA,swimming,F,57,no,2016-05-22 00:00:00,22-May-2016,5,Spring
21-May-2016,2016,USA,swimming,F,22,no,2016-05-21 00:00:00,21-May-2016,5,Spring
21-May-2016,2016,USA,swimming,F,11,no,2016-05-21 00:00:00,21-May-2016,5,Spring
18-May-2016,2016,USA,swimming,M,48,no,2016-05-18 00:00:00,18-May-2016,5,Spring
02-May-2016,2016,New Zealand,fishing,M,39,no,2016-05-02 00:00:00,02-May-2016,5,Spring
May 2016,2016,USA,wading,F,33,no,2016-05-01 00:00:00,May 2016,5,Spring
23-Apr-2016,2016,USA,surfing,M,15,no,2016-04-23 00:00:00,23-Apr-2016,4,Spring
19-Apr-2016,2016,Australia,swimming,M,12,no,2016-04-19 00:00:00,19-Apr-2016,4,Spring
18-Apr-2016,2016,French Polynesia,fishing,M,22,unknown,2016-04-18 00:00:00,18-Apr-2016,4,Spring
18-Apr-2016,2016,French Polynesia,fishing,M,26,no,2016-04-18 00:00:00,18-Apr-2016,4,Spring
13-Apr-2016,2016,USA,fishing,M,26,no,2016-04-13 00:00:00,13-Apr-2016,4,Spring
07-Apr-2016,2016,USA,fishing,M,34,no,2016-04-07 00:00:00,07-Apr-2016,4,Spring
31-Mar-2016,2016,USA,snorkeling,F,46,no,2016-03-31 00:00:00,31-Mar-2016,3,Spring
30-Mar-2016,2016,Australia,surfing,M,22,no,2016-03-30 00:00:00,30-Mar-2016,3,Spring
28-Mar-2016,2016,Australia,surfing,M,41,no,2016-03-28 00:00:00,28-Mar-2016,3,Spring
13-Mar-2016,2016,USA,surfing,M,15,unknown,2016-03-13 00:00:00,13-Mar-2016,3,Spring
11-Mar-2016,2016,USA,surfing,M,19,no,2016-03-11 00:00:00,11-Mar-2016,3,Spring
Reported 03-Mar-2016,2016,Australia,fishing,M,15,no,2016-03-03 00:00:00,Reported 03-Mar-2016,3,Spring
02-Mar-2016,2016,Brazil,swimming,M,41,no,2016-03-02 00:00:00,02-Mar-2016,3,Spring
22-Feb-2016,2016,New Caledonia,surfing,M,21,no,2016-02-22 00:00:00,22-Feb-2016,2,Winter
 19-Feb-2016,2016,New Caledonia,fishing,M,31,no,2016-02-19 00:00:00, 19-Feb-2016,2,Winter
10-Feb-2016,2016,Australia,surfing,M,15,unknown,2016-02-10 00:00:00,10-Feb-2016,2,Winter
04-Feb-2016,2016,Australia,surfing,M,40,no,2016-02-04 00:00:00,04-Feb-2016,2,Winter
02-Feb-2016,2016,Brazil,swimming,M,41,no,2016-02-02 00:00:00,02-Feb-2016,2,Winter
29-Jan-2016,2016,South Africa,fishing,M,15,no,2016-01-29 00:00:00,29-Jan-2016,1,Winter
28-Jan-2016,2016,USA,surfing,M,15,no,2016-01-28 00:00:00,28-Jan-2016,1,Winter
25-Jan-2016,2016,USA,surfing,F,15,no,2016-01-25 00:00:00,25-Jan-2016,1,Winter
24-Jan-2016,2016,USA,fishing,M,15,no,2016-01-24 00:00:00,24-Jan-2016,1,Winter
Reported 11-Jan-2016,2016,Australia,surfing,M,15,no,2016-01-11 00:00:00,Reported 11-Jan-2016,1,Winter
05-Jan-2016,2016,Australia,wading,M,11,no,2016-01-05 00:00:00,05-Jan-2016,1,Winter
02-Jan-2016,2016,Australia,fishing,M,31,no,2016-01-02 00:00:00,02-Jan-2016,1,Winter
26-Dec-2015,2015,South Africa,fishing,M,15,no,2015-12-26 00:00:00,26-Dec-2015,12,Winter
21-Dec-2015,2015,Australia,surfing,M,43,no,2015-12-21 00:00:00,21-Dec-2015,12,Winter
21-Dec-2015,2015,Brazil,diving,M,32,no,2015-12-21 00:00:00,21-Dec-2015,12,Winter
13-Dec-2015,2015,Australia,fishing,M,15,no,2015-12-13 00:00:00,13-Dec-2015,12,Winter
11-Dec-2015,2015,Bahamas,fishing,M,26,no,2015-12-11 00:00:00,11-Dec-2015,12,Winter
08-Dec-2015,2015,South Africa,swimming,F,22,no,2015-12-08 00:00:00,08-Dec-2015,12,Winter
16-Nov-2015,2015,USA,surfing,M,15,no,2015-11-16 00:00:00,16-Nov-2015,11,Autumn
15-Nov-2015,2015,USA,swimming,F,15,no,2015-11-15 00:00:00,15-Nov-2015,11,Autumn
15-Nov-2015,2015,USA,surfing,M,28,no,2015-11-15 00:00:00,15-Nov-2015,11,Autumn
10-Nov-2015,2015,Australia,surfing,M,20,no,2015-11-10 00:00:00,10-Nov-2015,11,Autumn
07-Nov-2015,2015,USA,surfing,F,9,unknown,2015-11-07 00:00:00,07-Nov-2015,11,Autumn
03-Nov-2015,2015,USA,swimming,M,54,no,2015-11-03 00:00:00,03-Nov-2015,11,Autumn
01-Nov-2015,2015,USA,wading,F,28,no,2015-11-01 00:00:00,01-Nov-2015,11,Autumn
30-Oct-2015,2015,Australia,fishing,M,50,no,2015-10-30 00:00:00,30-Oct-2015,10,Autumn
28-Oct-2015,2015,USA,body boarding,M,10,no,2015-10-28 00:00:00,28-Oct-2015,10,Autumn
25-Oct-2015,2015,South Africa,surfing,M,42,no,2015-10-25 00:00:00,25-Oct-2015,10,Autumn
21-Oct-2015,2015,USA,surfing,M,21,no,2015-10-21 00:00:00,21-Oct-2015,10,Autumn
19-Oct-2015,2015,USA,surfing,M,21,no,2015-10-19 00:00:00,19-Oct-2015,10,Autumn
17-Oct-2015,2015,USA,surfing,M,32,unknown,2015-10-17 00:00:00,17-Oct-2015,10,Autumn
17-Oct-2015,2015,USA,swimming,M,44,no,2015-10-17 00:00:00,17-Oct-2015,10,Autumn
13-Oct-2015,2015,USA,fishing,M,15,no,2015-10-13 00:00:00,13-Oct-2015,10,Autumn
09-Oct-2015,2015,USA,boogie boarding,F,9,no,2015-10-09 00:00:00,09-Oct-2015,10,Autumn
09-Oct-2015,2015,USA,surfing,M,25,no,2015-10-09 00:00:00,09-Oct-2015,10,Autumn
07-Oct-2015,2015,Australia,surfing,M,18,no,2015-10-07 00:00:00,07-Oct-2015,10,Autumn
05-Oct-2015,2015,USA,body boarding,M,22,no,2015-10-05 00:00:00,05-Oct-2015,10,Autumn
05-Oct-2015,2015,USA,wading,M,13,no,2015-10-05 00:00:00,05-Oct-2015,10,Autumn
04-Oct-2015,2015,USA,surfing,M,14,no,2015-10-04 00:00:00,04-Oct-2015,10,Autumn
29-Sep-2015,2015,USA,surfing,M,22,no,2015-09-29 00:00:00,29-Sep-2015,9,Autumn
26-Sep-2015,2015,Australia,snorkeling,F,7,no,2015-09-26 00:00:00,26-Sep-2015,9,Autumn
24-Sep-2015,2015,USA,fishing,M,15,no,2015-09-24 00:00:00,24-Sep-2015,9,Autumn
20-Sep-2015,2015,USA,surfing,M,14,no,2015-09-20 00:00:00,20-Sep-2015,9,Autumn
20-Sep-2015,2015,USA,fishing,M,27,no,2015-09-20 00:00:00,20-Sep-2015,9,Autumn
20-Sep-2015,2015,USA,wading,M,12,no,2015-09-20 00:00:00,20-Sep-2015,9,Autumn
19-Sep-2015,2015,USA,fishing,M,15,no,2015-09-19 00:00:00,19-Sep-2015,9,Autumn
18-Sep-2015,2015,USA,swimming,M,15,no,2015-09-18 00:00:00,18-Sep-2015,9,Autumn
17-Sep-2015,2015,USA,surfing,M,20,no,2015-09-17 00:00:00,17-Sep-2015,9,Autumn
08-Sep-2015,2015,Australia,surfing,M,42,no,2015-09-08 00:00:00,08-Sep-2015,9,Autumn
05-Sep-2015,2015,USA,fishing,M,29,no,2015-09-05 00:00:00,05-Sep-2015,9,Autumn
29-Aug-2015,2015,USA,surfing,F,54,no,2015-08-29 00:00:00,29-Aug-2015,8,Summer
29-Aug-2015,2015,USA,surfing,M,21,no,2015-08-29 00:00:00,29-Aug-2015,8,Summer
22-Aug-2015,2015,Australia,surfing,M,38,no,2015-08-22 00:00:00,22-Aug-2015,8,Summer
20-Aug-2015,2015,USA,surfing,M,15,no,2015-08-20 00:00:00,20-Aug-2015,8,Summer
18-Aug-2015,2015,USA,fishing,M,22,no,2015-08-18 00:00:00,18-Aug-2015,8,Summer
10-Aug-2015,2015,USA,fishing,M,57,no,2015-08-10 00:00:00,10-Aug-2015,8,Summer
31-Jul-2015,2015,Australia,surfing,M,52,no,2015-07-31 00:00:00,31-Jul-2015,7,Summer
27-Jul-2015,2015,Australia,surfing,M,40,unknown,2015-07-27 00:00:00,27-Jul-2015,7,Summer
26-Jul-2015,2015,USA,surfing,M,25,no,2015-07-26 00:00:00,26-Jul-2015,7,Summer
25-Jul-2015,2015,Australia,diving,M,46,yes,2015-07-25 00:00:00,25-Jul-2015,7,Summer
23-Jul-2015,2015,USA,fishing,M,31,no,2015-07-23 00:00:00,23-Jul-2015,7,Summer
23-Jul-2015,2015,Australia,surfing,M,40,no,2015-07-23 00:00:00,23-Jul-2015,7,Summer
19-Jul-2015,2015,South Africa,surfing,M,34,no,2015-07-19 00:00:00,19-Jul-2015,7,Summer
10-Jul-2015,2015,USA,surfing,M,38,no,2015-07-10 00:00:00,10-Jul-2015,7,Summer
06-Jul-2015,2015,French Polynesia,swimming,M,15,unknown,2015-07-06 00:00:00,06-Jul-2015,7,Summer
04-Jul-2015,2015,Bahamas,fishing,F,23,no,2015-07-04 00:00:00,04-Jul-2015,7,Summer
03-Jul-2015,2015,Australia,surfing,M,52,no,2015-07-03 00:00:00,03-Jul-2015,7,Summer
02-Jul-2015,2015,Australia,body boarding,M,32,no,2015-07-02 00:00:00,02-Jul-2015,7,Summer
01-Jul-2015,2015,USA,swimming,M,68,no,2015-07-01 00:00:00,01-Jul-2015,7,Summer
30-Jun-2015,2015,Australia,surfing,M,15,no,2015-06-30 00:00:00,30-Jun-2015,6,Summer
27-Jun-2015,2015,USA,swimming,M,18,no,2015-06-27 00:00:00,27-Jun-2015,6,Summer
27-Jun-2015,2015,South Africa,body boarding,M,19,no,2015-06-27 00:00:00,27-Jun-2015,6,Summer
26-Jun-2015,2015,USA,swimming,F,15,unknown,2015-06-26 00:00:00,26-Jun-2015,6,Summer
26-Jun-2015,2015,South Africa,surfing,M,23,no,2015-06-26 00:00:00,26-Jun-2015,6,Summer
26-Jun-2015,2015,USA,standing,M,43,no,2015-06-26 00:00:00,26-Jun-2015,6,Summer
Reported 25-Jun-2015,2015,Australia,swimming,M,19,no,2015-06-25 00:00:00,Reported 25-Jun-2015,6,Summer
25-Jun-2015,2015,USA,surfing,M,47,no,2015-06-25 00:00:00,25-Jun-2015,6,Summer
24-Jun-2015,2015,USA,swimming,M,6,no,2015-06-24 00:00:00,24-Jun-2015,6,Summer
24-Jun-2015,2015,Australia,surfing,F,37,no,2015-06-24 00:00:00,24-Jun-2015,6,Summer
23-Jun-2015,2015,USA,standing,M,9,no,2015-06-23 00:00:00,23-Jun-2015,6,Summer
17-Jun-2015,2015,USA,swimming,M,10,no,2015-06-17 00:00:00,17-Jun-2015,6,Summer
14-Jun-2015,2015,USA,wading,M,16,no,2015-06-14 00:00:00,14-Jun-2015,6,Summer
14-Jun-2015,2015,USA,wading,F,12,no,2015-06-14 00:00:00,14-Jun-2015,6,Summer
11-Jun-2015,2015,USA,boogie boarding,F,13,no,2015-06-11 00:00:00,11-Jun-2015,6,Summer
29-May-2015,2015,USA,standing,F,14,no,2015-05-29 00:00:00,29-May-2015,5,Spring
29-May-2015,2015,USA,wading,F,19,no,2015-05-29 00:00:00,29-May-2015,5,Spring
25-May-2015,2015,French Polynesia,fishing,M,19,no,2015-05-25 00:00:00,25-May-2015,5,Spring
24-May-2015,2015,USA,swimming,F,13,no,2015-05-24 00:00:00,24-May-2015,5,Spring
20-May2015,2015,USA,surfing,M,18,no,2015-05-20 00:00:00,20-May2015,5,Spring
09-May-2015,2015,New Caledonia,snorkeling,M,50,yes,2015-05-09 00:00:00,09-May-2015,5,Spring
07-May-2015,2015,USA,swimming,M,15,no,2015-05-07 00:00:00,07-May-2015,5,Spring
03-May-2015,2015,Australia,surfing,M,15,no,2015-05-03 00:00:00,03-May-2015,5,Spring
02-May-2015,2015,South Africa,diving,M,29,no,2015-05-02 00:00:00,02-May-2015,5,Spring
29-Apr-2015,2015,USA,snorkeling,F,65,yes,2015-04-29 00:00:00,29-Apr-2015,4,Spring
26-Apr-2015,2015,USA,wading,M,63,no,2015-04-26 00:00:00,26-Apr-2015,4,Spring
25-Apr-2015,2015,Australia,surfing,M,26,no,2015-04-25 00:00:00,25-Apr-2015,4,Spring
03-Apr-2015,2015,USA,fishing,M,70,no,2015-04-03 00:00:00,03-Apr-2015,4,Spring
31-Mar-2015,2015,Brazil,surfing,M,23,unknown,2015-03-31 00:00:00,31-Mar-2015,3,Spring
26-Mar-2015,2015,South Africa,fishing,M,36,no,2015-03-26 00:00:00,26-Mar-2015,3,Spring
21-Mar-2015,2015,Egypt,swimming,M,52,yes,2015-03-21 00:00:00,21-Mar-2015,3,Spring
18-Mar-2015,2015,USA,snorkeling,M,58,no,2015-03-18 00:00:00,18-Mar-2015,3,Spring
11-Mar-2015,2015,Australia,fishing,M,15,no,2015-03-11 00:00:00,11-Mar-2015,3,Spring
10-Mar-2015,2015,Mexico,fishing,M,36,no,2015-03-10 00:00:00,10-Mar-2015,3,Spring
09-Feb-2015,2015,Australia,surfing,M,41,yes,2015-02-09 00:00:00,09-Feb-2015,2,Winter
08-Feb-2015,2015,Australia,surfing,M,35,no,2015-02-08 00:00:00,08-Feb-2015,2,Winter
05-Feb-2015,2015,Australia,surfing,M,15,no,2015-02-05 00:00:00,05-Feb-2015,2,Winter
27-Jan-2015,2015,USA,fishing,M,20,no,2015-01-27 00:00:00,27-Jan-2015,1,Winter
24-Jan-2015,2015,Australia,surfing,M,15,no,2015-01-24 00:00:00,24-Jan-2015,1,Winter
19-Jan-2015,2015,USA,fishing,M,15,no,2015-01-19 00:00:00,19-Jan-2015,1,Winter
19-Jan-2015,2015,Australia,surfing,F,15,unknown,2015-01-19 00:00:00,19-Jan-2015,1,Winter
17-Jan-2015,2015,Australia,fishing,M,15,no,2015-01-17 00:00:00,17-Jan-2015,1,Winter
08-Jan-2015,2015,USA,swimming,M,38,unknown,2015-01-08 00:00:00,08-Jan-2015,1,Winter
06-Jan-2015,2015,Bahamas,snorkeling,F,34,no,2015-01-06 00:00:00,06-Jan-2015,1,Winter
03-Jan-2015,2015,South Africa,surfing,M,15,no,2015-01-03 00:00:00,03-Jan-2015,1,Winter
29-Dec-2014,2014,Australia,surfing,M,15,no,2014-12-29 00:00:00,29-Dec-2014,12,Winter
29-Dec-2014,2014,Australia,fishing,M,17,yes,2014-12-29 00:00:00,29-Dec-2014,12,Winter
28-Dec-2014,2014,South Africa,swimming,F,15,unknown,2014-12-28 00:00:00,28-Dec-2014,12,Winter
28-Dec-2014,2014,USA,surfing,M,50,no,2014-12-28 00:00:00,28-Dec-2014,12,Winter
28-Dec-2014,2014,Australia,fishing,M,40,no,2014-12-28 00:00:00,28-Dec-2014,12,Winter
15-Dec-2014,2014,Australia,fishing,M,17,yes,2014-12-15 00:00:00,15-Dec-2014,12,Winter
29-Nov-2014,2014,Australia,surfing,M,13,no,2014-11-29 00:00:00,29-Nov-2014,11,Autumn
19-Nov-2014,2014,Australia,fishing,M,15,no,2014-11-19 00:00:00,19-Nov-2014,11,Autumn
16-Nov-2014,2014,USA,surfing,M,44,no,2014-11-16 00:00:00,16-Nov-2014,11,Autumn
13-Nov-2014,2014,USA,snorkeling,M,53,no,2014-11-13 00:00:00,13-Nov-2014,11,Autumn
10-Nov-2014,2014,Australia,surfing,M,15,no,2014-11-10 00:00:00,10-Nov-2014,11,Autumn
08-Nov-2014,2014,USA,surfing,M,18,no,2014-11-08 00:00:00,08-Nov-2014,11,Autumn
31-Oct-2014,2014,USA,surfing,F,34,no,2014-10-31 00:00:00,31-Oct-2014,10,Autumn
29-Oct-2014,2014,Australia,surfing,M,20,no,2014-10-29 00:00:00,29-Oct-2014,10,Autumn
17-Oct-2014,2014,Australia,surfing,F,13,no,2014-10-17 00:00:00,17-Oct-2014,10,Autumn
12-Oct-2014,2014,USA,surfing,F,15,no,2014-10-12 00:00:00,12-Oct-2014,10,Autumn
11-Oct-2014,2014,Australia,kayaking,M,15,no,2014-10-11 00:00:00,11-Oct-2014,10,Autumn
05-Oct-2014,2014,USA,surfing,M,29,no,2014-10-05 00:00:00,05-Oct-2014,10,Autumn
07-Oct-2014,2014,USA,fishing,F,40,no,2014-10-07 00:00:00,07-Oct-2014,10,Autumn
05-Oct-2014,2014,USA,surfing,M,15,no,2014-10-05 00:00:00,05-Oct-2014,10,Autumn
03-Oct-2014,2014,USA,kayaking,M,15,no,2014-10-03 00:00:00,03-Oct-2014,10,Autumn
03-Oct-2014,2014,USA,kayaking,M,15,no,2014-10-03 00:00:00,03-Oct-2014,10,Autumn
02-Oct-2014,2014,USA,surfing,M,28,no,2014-10-02 00:00:00,02-Oct-2014,10,Autumn
02-Oct-2014,2014,Australia,surfing,M,23,no,2014-10-02 00:00:00,02-Oct-2014,10,Autumn
21-Sep-2014,2014,USA,surfing,M,15,no,2014-09-21 00:00:00,21-Sep-2014,9,Autumn
13-Sep-2014,2014,USA,surfing,M,15,unknown,2014-09-13 00:00:00,13-Sep-2014,9,Autumn
09-Sep-2014,2014,Australia,swimming,M,50,yes,2014-09-09 00:00:00,09-Sep-2014,9,Autumn
06-Sep-2014,2014,USA,fishing,M,43,no,2014-09-06 00:00:00,06-Sep-2014,9,Autumn
03-Sep-2014,2014,USA,kayaking,F,20,no,2014-09-03 00:00:00,03-Sep-2014,9,Autumn
02-Sep-2014,2014,USA,fishing,M,52,no,2014-09-02 00:00:00,02-Sep-2014,9,Autumn
31-Aug-2014,2014,USA,surfing,F,13,no,2014-08-31 00:00:00,31-Aug-2014,8,Summer
29-Aug-2014,2014,USA,surfing,M,17,no,2014-08-29 00:00:00,29-Aug-2014,8,Summer
28-Aug-2014,2014,USA,fishing,M,33,no,2014-08-28 00:00:00,28-Aug-2014,8,Summer
27-Aug-2014,2014,USA,surfing,M,29,no,2014-08-27 00:00:00,27-Aug-2014,8,Summer
27-Aug-2014,2014,USA,standing,F,15,no,2014-08-27 00:00:00,27-Aug-2014,8,Summer
Reported 25-Aug-2014,2014,USA,fishing,M,15,no,2014-08-25 00:00:00,Reported 25-Aug-2014,8,Summer
16-Aug-2014,2014,Australia,fishing,M,31,no,2014-08-16 00:00:00,16-Aug-2014,8,Summer
12-Aug-2014,2014,USA,standing,M,15,no,2014-08-12 00:00:00,12-Aug-2014,8,Summer
09-Aug-2014,2014,Bahamas,fishing,M,15,no,2014-08-09 00:00:00,09-Aug-2014,8,Summer
09-Aug-2014,2014,USA,swimming,F,10,no,2014-08-09 00:00:00,09-Aug-2014,8,Summer
08-Aug-2014,2014,USA,swimming,M,7,no,2014-08-08 00:00:00,08-Aug-2014,8,Summer
06-Aug-2014,2014,USA,boogie boarding,M,10,no,2014-08-06 00:00:00,06-Aug-2014,8,Summer
05-Aug-2014,2014,USA,swimming,F,45,no,2014-08-05 00:00:00,05-Aug-2014,8,Summer
02-Aug-2014,2014,USA,surfing,M,50,no,2014-08-02 00:00:00,02-Aug-2014,8,Summer
02-Aug-2014,2014,USA,boogie boarding,M,8,no,2014-08-02 00:00:00,02-Aug-2014,8,Summer
01-Aug-2014,2014,South Africa,surfing,M,20,no,2014-08-01 00:00:00,01-Aug-2014,8,Summer
27-Jul-2014,2014,USA,swimming,M,15,no,2014-07-27 00:00:00,27-Jul-2014,7,Summer
21-Jul-2014,2014,USA,standing,M,8,no,2014-07-21 00:00:00,21-Jul-2014,7,Summer
16-Jul-2014,2014,USA,swimming,M,61,no,2014-07-16 00:00:00,16-Jul-2014,7,Summer
14-Jul-2014,2014,USA,swimming,M,39,no,2014-07-14 00:00:00,14-Jul-2014,7,Summer
13-Jul-2014,2014,Bahamas,diving,M,63,unknown,2014-07-13 00:00:00,13-Jul-2014,7,Summer
12-Jul-2014,2014,USA,surfing,M,15,no,2014-07-12 00:00:00,12-Jul-2014,7,Summer
9-Jul-2014,2014,USA,surfing,M,14,no,2014-07-09 00:00:00,9-Jul-2014,7,Summer
5-Jul-2014,2014,USA,swimming,M,15,no,2014-07-05 00:00:00,5-Jul-2014,7,Summer
5-Jul-2014,2014,USA,surfing,M,15,no,2014-07-05 00:00:00,5-Jul-2014,7,Summer
3-Jul-2014,2014,USA,surfing,M,19,no,2014-07-03 00:00:00,3-Jul-2014,7,Summer
25-Jun-2014,2014,Bahamas,fishing,M,42,no,2014-06-25 00:00:00,25-Jun-2014,6,Summer
18-Jun-2014,2014,Australia,surfing,M,15,no,2014-06-18 00:00:00,18-Jun-2014,6,Summer
18-Jun-2014,2014,Australia,body boarding,M,15,no,2014-06-18 00:00:00,18-Jun-2014,6,Summer
09-Jun-2014,2014,Brazil,fishing,M,43,no,2014-06-09 00:00:00,09-Jun-2014,6,Summer
09-Jun-2014,2014,USA,standing,M,16,no,2014-06-09 00:00:00,09-Jun-2014,6,Summer
09-Jun-2014,2014,Australia,body boarding,M,39,no,2014-06-09 00:00:00,09-Jun-2014,6,Summer
01-Jun-2014,2014,USA,swimming,F,22,no,2014-06-01 00:00:00,01-Jun-2014,6,Summer
01-Jun-2014,2014,Australia,surfing,M,15,no,2014-06-01 00:00:00,01-Jun-2014,6,Summer
15-May-2014,2014,USA,body boarding,F,38,no,2014-05-15 00:00:00,15-May-2014,5,Spring
14-May-2014,2014,Australia,surfing,M,35,no,2014-05-14 00:00:00,14-May-2014,5,Spring
13-May2014,2014,USA,wading,F,44,no,2014-05-13 00:00:00,13-May2014,5,Spring
11-May-2014,2014,USA,surfing,M,12,no,2014-05-11 00:00:00,11-May-2014,5,Spring
Reported 10-May-2014,2014,USA,diving,M,15,unknown,2014-05-10 00:00:00,Reported 10-May-2014,5,Spring
06-May-2014,2014,USA,swimming,F,40,no,2014-05-06 00:00:00,06-May-2014,5,Spring
04-May-2014,2014,South Africa,diving,M,15,no,2014-05-04 00:00:00,04-May-2014,5,Spring
01-May-2014,2014,USA,surfing,M,23,no,2014-05-01 00:00:00,01-May-2014,5,Spring
24-Apr-2014,2014,Australia,fishing,M,15,no,2014-04-24 00:00:00,24-Apr-2014,4,Spring
22-Apr-2014,2014,USA,swimming,M,42,no,2014-04-22 00:00:00,22-Apr-2014,4,Spring
15-Apr-2014,2014,USA,wading,M,25,no,2014-04-15 00:00:00,15-Apr-2014,4,Spring
12-Apr-2014,2014,South Africa,fishing,M,15,no,2014-04-12 00:00:00,12-Apr-2014,4,Spring
04-Apr-2014,2014,USA,surfing,M,15,no,2014-04-04 00:00:00,04-Apr-2014,4,Spring
04-Apr-2014,2014,USA,surfing,M,15,no,2014-04-04 00:00:00,04-Apr-2014,4,Spring
03-Apr-2014,2014,Australia,swimming,F,63,yes,2014-04-03 00:00:00,03-Apr-2014,4,Spring
29-Mar-2014,2014,Australia,diving,M,38,unknown,2014-03-29 00:00:00,29-Mar-2014,3,Spring
22-Mar-2014,2014,South Africa,swimming,M,66,yes,2014-03-22 00:00:00,22-Mar-2014,3,Spring
22-Mar-2014,2014,USA,surfing,M,15,no,2014-03-22 00:00:00,22-Mar-2014,3,Spring
21-Mar-2014,2014,USA,surfing,M,9,no,2014-03-21 00:00:00,21-Mar-2014,3,Spring
18-Mar-2014,2014,New Caledonia,surfing,M,42,no,2014-03-18 00:00:00,18-Mar-2014,3,Spring
18-Mar-2014,2014,Australia,surfing,M,42,no,2014-03-18 00:00:00,18-Mar-2014,3,Spring
12-Mar-2014,2014,Australia,swimming,M,15,no,2014-03-12 00:00:00,12-Mar-2014,3,Spring
02-Mar-2014,2014,USA,surfing,M,21,no,2014-03-02 00:00:00,02-Mar-2014,3,Spring
20-Feb-2014,2014,French Polynesia,surfing,M,21,no,2014-02-20 00:00:00,20-Feb-2014,2,Winter
08-Feb-2014,2014,Australia,diving,M,28,yes,2014-02-08 00:00:00,08-Feb-2014,2,Winter
07-Feb-2014,2014,New Zealand,surfing,M,28,no,2014-02-07 00:00:00,07-Feb-2014,2,Winter
26-Jan-2014,2014,Australia,fishing,M,15,no,2014-01-26 00:00:00,26-Jan-2014,1,Winter
25-Jan-2014,2014,New Zealand,fishing,M,24,no,2014-01-25 00:00:00,25-Jan-2014,1,Winter
